# callgrind format
version: 1
creator: callgrind-3.18.1
pid: 69561
cmd:  ./Bakery
part: 1


desc: I1 cache: 
desc: D1 cache: 
desc: LL cache: 

desc: Timerange: Basic block 0 - 8369949480
desc: Trigger: Program termination

positions: line
events: Ir
summary: 38564519436


ob=(5) /home/tia/Prog/Bakery
fl=(150) ???
fn=(508) (below main)
0 12
cob=(3) /usr/lib/x86_64-linux-gnu/libc.so.6
cfi=(151) ./csu/../csu/libc-start.c
cfn=(510) __libc_start_main@@GLIBC_2.34
calls=1 242 
0 38564376308

fn=(520) 0x0000000000001fa0
0 12

fn=(770) 0x0000000000001ef0
0 5

fn=(754) 0x0000000000001f60
0 9
cob=(2) ???
cfi=(51) ???
cfn=(760) 0x0000000000109100
calls=1 0 
0 74
0 1
cfn=(770)
calls=1 0 
0 5
0 3

fl=(157) /home/tia/Prog/Bakery.c
fn=(628) save_ingr_rec
622 99424
516 24856
622 198848
+6 49712
-6 372738
+7 4400080
+1 2200040
-1 2200040
fi=(178) /usr/include/x86_64-linux-gnu/bits/stdio.h
49 6600120
cob=(2)
cfi=(51)
cfn=(614) 0x00000000001091d0
calls=2200040 -49 
* 46283361
* 559107
cob=(2)
cfi=(51)
cfn=(614)
calls=186369 -49 
* 3921381
fe=(157)
629 4772818
+3 186369
+3 186369
-3 186369
+3 186369
cob=(2)
cfi=(51)
cfn=(620) 0x00000000001091a0
calls=186369 0 
* 33303636
+1 186369
-1 186369
+1 186369
cob=(2)
cfi=(51)
cfn=(622) 0x0000000000109140
calls=186369 0 
* 2981904
* 559107
cob=(2)
cfi=(51)
cfn=(620)
calls=186369 0 
* 27700906
* 372738
fi=(180) /usr/include/x86_64-linux-gnu/bits/string_fortified.h
79 372738
fe=(157)
512 559107
-2 372738
+3 372738
+1 186369
-1 559107
-1 559107
+1 4027342
+1 2013671
-1 6041013
-1 6041013
+4 1490952
638 186369
+2 559107
+6 323026
+1 161513
+1 323026
+1 323026
510 372738
652 3414678
+1 544257
-1 544257
fi=(178)
49 1088514
cob=(2)
cfi=(51)
cfn=(614)
calls=544257 -49 
* 11450226
* 372738
cob=(2)
cfi=(51)
cfn=(614)
calls=186369 -49 
* 3920427
* 730626
fe=(157)
653 730626
-1 1461252
fi=(181) /usr/include/stdlib.h
364 484539
fe=(157)
655 161513
fi=(181)
364 161513
cob=(2)
cfi=(51)
cfn=(636) 0x0000000000109180
calls=161513 0 
* 23324645
* 161513
fe=(157)
628 161513
+30 273416
fi=(180)
79 1882491
fe=(157)
641 24856
+1 24856
+1 49712
fi=(181)
364 74568
fe=(157)
655 24856
fi=(181)
364 24856
cob=(2)
cfi=(51)
cfn=(636)
calls=24856 0 
* 3603079
* 24856
fe=(157)
628 24856

fn=(668) check_ro
1211 1792674
+5 99593
-5 99593
+5 99593
-5 99593
+5 298779
+2 84819
+3 169638
+10 87510
cob=(2)
cfi=(51)
cfn=(664) 0x0000000000109170
calls=17502 0 
* 411926
* 35004
+11 7272
+1 7272
+1 19114
-23 430245
cob=(2)
cfi=(51)
cfn=(664)
calls=86049 0 
* 2007958
* 172098
+2 205641
+49 213576
+1 71189
+1 142378
520 213576
+7 142384
+1 71192
+1 71192
-1 71192
+2 71192
1279 590352
-30 104080
cfn=(670) check_ingred
calls=20816 1093 
* 17793670
* 37925
cfn=(670)
calls=7585 1093 
* 7016792
* 56802
520 150
+7 141
+1 47
+1 47
-1 47
+2 47
1178 47
+2 94
-2 3
+2 6
+7 338
+2 338
-2 338
+2 338
cob=(2)
cfi=(51)
cfn=(686) 0x0000000000109110
calls=338 0 
* 32300
-9 676
+2 836
+1 2090
+1 160
cfn=(710) remove_ingr
calls=80 +12 
* 8635
+5 160
cob=(2)
cfi=(51)
cfn=(686)
calls=80 0 
* 7673
-9 160
+11 50
+1 50
+1 50
+86 400
520 85053
+7 56700
+1 28350
+1 28350
-1 28350
+2 28350
1261 56702
+4 15088
+14 60352
-46 31412
+5 15170
+24 20807
+17 20807
-17 20807
+17 124842
-17 20807
cfn=(672) insert_name_check
calls=20807 +19 
* 4140975
521 3
+1 6
+1 3
+1 6
-3 1
+1 1
+1 1
+1 2

fn=(706) move_order
534 9610
+2 28830
+7 9479
+16 18958
-16 18958
+16 19013
+6 85367
-6 170734
+1 362228
+8 15570
+1 2136
+1 659
+1 659
+1 659
+1 1318
-29 268
+1 125
+1 250
+1 125
+1 250
-11 131
+1 131
+1 131
+1 262
+28 8310
+15 12465
+7 7954
+1 7954
+1 15908
+1 7954
+5 7954
-47 9
+1 18
+1 9
+1 18
+30 323
+1 323
+1 323
+1 1055
-10 409
-1 409
+1 409
+1 818
+1 818

fn=(708) check_recipe
717 1170
512 351
-2 234
+3 234
+1 117
-1 351
-1 351
+1 2518
+1 1259
-1 3777
-1 3777
+4 936
722 234
+63 117
-63 462
+8 45
-8 90
+9 90
-9 45
cob=(2)
cfi=(51)
cfn=(664)
calls=45 0 
* 1091
510 90
732 26
+4 33
cob=(2)
cfi=(51)
cfn=(664)
calls=11 0 
* 253
* 22
+5 1
+3 3
cob=(2)
cfi=(51)
cfn=(664)
calls=1 0 
* 23
-13 186
+13 66
+3 52
+38 26
-38 26
cob=(2)
cfi=(51)
cfn=(664)
calls=26 0 
* 602
* 52
+39 1053
-64 207
cob=(2)
cfi=(51)
cfn=(664)
calls=69 0 
* 1641
* 138
+8 68
+1 136
+23 136
+1 146
-11 10
+10 30
-10 9
+10 105
+4 90
+3 90
+1 45
+3 45
+18 45
-5 90
cob=(2)
cfi=(51)
cfn=(686)
calls=45 0 
* 4263
-13 68
+18 68
-5 136
cob=(2)
cfi=(51)
cfn=(686)
calls=68 0 
* 6310
+1 226
cob=(2)
cfi=(51)
cfn=(686)
calls=113 0 
* 10346
+1 226
cob=(2)
cfi=(51)
cfn=(686)
calls=113 0 
* 10695
+1 226
cob=(2)
cfi=(51)
cfn=(686)
calls=113 0 
* 10367
+2 113
-24 18

fn=(710)
1196 23960
+3 23960
-1 23960
-2 47920
+3 23960
-1 47920
+4 47078
+3 47078
+1 23539
+2 23539
cob=(2)
cfi=(51)
cfn=(686)
calls=23539 0 
* 2292541
-5 43728
-4 421
+9 421
cob=(2)
cfi=(51)
cfn=(686)
calls=421 0 
* 41263

fn=(676) refill
890 29808
+5 2484
-5 48092
+7 567472
+1 283736
-1 283736
fi=(178)
49 567472
cob=(2)
cfi=(51)
cfn=(614)
calls=283736 -49 
* 5970222
* 48092
cob=(2)
cfi=(51)
cfn=(614)
calls=24046 -49 
* 506715
fe=(157)
897 615564
+3 24046
+2 24046
+3 24046
-3 24046
cob=(2)
cfi=(51)
cfn=(622)
calls=24046 0 
* 384736
* 72138
cob=(2)
cfi=(51)
cfn=(620)
calls=24046 0 
* 1216318
fi=(180)
79 72138
fe=(157)
902 24046
fi=(180)
79 24046
cob=(2)
cfi=(51)
cfn=(682) 0x0000000000109190
calls=24046 -79 
* 341456
fe=(157)
905 24046
+1 81605
-1 81605
fi=(178)
49 163210
cob=(2)
cfi=(51)
cfn=(614)
calls=81605 -49 
* 1716726
* 48092
cob=(2)
cfi=(51)
cfn=(614)
calls=24046 -49 
* 505761
fe=(157)
906 211302
-1 211302
+3 24046
fi=(181)
364 72138
fe=(157)
911 24046
fi=(181)
364 24046
cob=(2)
cfi=(51)
cfn=(636)
calls=24046 0 
* 3690589
* 24046
fe=(157)
911 899638
+1 144276
-1 144276
fi=(178)
49 288552
cob=(2)
cfi=(51)
cfn=(614)
calls=144276 -49 
* 3035202
* 48092
cob=(2)
cfi=(51)
cfn=(614)
calls=24046 -49 
* 505602
fe=(157)
912 336644
-1 358206
+3 21562
fi=(181)
364 86248
cob=(2)
cfi=(51)
cfn=(636)
calls=21562 0 
* 4377086
fe=(157)
914 2484
fi=(181)
364 9936
cob=(2)
cfi=(51)
cfn=(636)
calls=2484 0 
* 504252
* 48092
fe=(157)
512 96184
-2 48092
+3 48092
+1 24046
-1 72138
-1 72138
+1 519380
+1 259690
-1 779070
-1 779070
+4 192368
919 24046
+56 24046
-56 96184
+19 110004
+5 8283
-5 24849
+1 41332
+41 6150
+1 30
cob=(2)
cfi=(51)
cfn=(664)
calls=10 0 
* 242
* 20
+12 4080
cob=(2)
cfi=(51)
cfn=(620)
calls=2040 0 
* 356639
+1 2040
-1 2040
+1 2040
cob=(2)
cfi=(51)
cfn=(620)
calls=2040 0 
* 319331
* 2040
fi=(180)
79 4080
fe=(157)
994 4080
fi=(180)
79 2040
cob=(2)
cfi=(51)
cfn=(682)
calls=2040 -79 
* 28906
fe=(157)
996 4080
cob=(2)
cfi=(51)
cfn=(686)
calls=2040 0 
* 185850
+1 6120
+1 4080
+2 2040
+1 2040
-1 2040
+2 4080
+1 2040
+2 10200
cfn=(694) insert_update_im
calls=2040 815 
* 119222
* 75
cfn=(694)
calls=15 815 
* 859
+4 120230
+1 15553
895 79590
1013 19872
-92 870
cob=(2)
cfi=(51)
cfn=(620)
calls=435 0 
* 61485
+1 435
-1 435
+1 435
cob=(2)
cfi=(51)
cfn=(620)
calls=435 0 
* 69926
fi=(180)
79 870
fe=(157)
922 870
fi=(180)
79 435
cob=(2)
cfi=(51)
cfn=(682)
calls=435 -79 
* 6153
fe=(157)
924 870
cob=(2)
cfi=(51)
cfn=(686)
calls=435 0 
* 39646
+1 435
+3 435
+1 435
-4 435
+1 435
+4 435
-4 435
+49 2175
cfn=(694)
calls=435 815 
* 28042
* 107730
cfn=(694)
calls=21546 815 
* 1260619
* 21981
-80 7452
+52 43182
+1 45
cob=(2)
cfi=(51)
cfn=(664)
calls=15 0 
* 366
* 30
+10 45
+1 15
+4 64638
cob=(2)
cfi=(51)
cfn=(620)
calls=21546 0 
* 3734793
+1 21546
-1 21546
+1 21546
cob=(2)
cfi=(51)
cfn=(620)
calls=21546 0 
* 3401717
fi=(180)
79 43092
fe=(157)
964 43092
fi=(180)
79 21546
cob=(2)
cfi=(51)
cfn=(682)
calls=21546 -79 
* 306030
fe=(157)
966 43092
cob=(2)
cfi=(51)
cfn=(686)
calls=21546 0 
* 1962795
+1 21546
+3 21546
-3 21546
+1 43092
+2 21546
+1 21546
-1 21546
+2 43092
+1 43092
+15 20
+1 50
cfn=(694)
calls=10 815 
* 578
* 10
-9 4080

fn=(670)
1093 170103890
+3 34020778
-3 136083112
+2 34020778
-2 34020778
+2 34020778
+4 34020778
-6 68041556
+2 34020778
+1 34020778
+3 34020778
-3 102062334
+35 497118
+37 18670637
+1 37341274
-69 52681755
-1 105363510
+1 263408775
+2 262663098
+25 116794221
+1 429835610
-23 565077375
cob=(2)
cfi=(51)
cfn=(664)
calls=110496311 0 
* 2680256523
* 220992622
+1 110496311
+1 220992622
cob=(2)
cfi=(51)
cfn=(620)
calls=110496311 0 
* 5168411278
+1 110496311
+2 110496311
-2 110496311
+1 220992622
+1 110496311
+6 110496311
+2 331488933
+5 231146400
+1 212099036
+10 67525118
+2 220814574
+1 110407287
cob=(2)
cfi=(51)
cfn=(686)
calls=110407287 0 
* 10161461903
-3 220814574
+7 337071401
+4 33762559
-2 33762559
+2 101287677
cob=(2)
cfi=(51)
cfn=(664)
calls=33762559 0 
* 826271971
* 135050236
+29 34011118
-8 34011118
+8 338420359
-13 67525118
+1 67525118
+9 28980
+3 9660
-1 9660
+1 564738
-40 661690

fn=(672)
1281 77418408
+2 25806136
-2 77418408
+2 25806136
cob=(2)
cfi=(51)
cfn=(620)
calls=25806136 0 
* 1979765160
+1 25806136
+1 25806136
-1 25806136
+2 154836816
+7 5234605
-1 5234605
+1 5234605
+1 10469210
+1 10469210
-6 5234605
+9 20938420
-11 20571531
+1 20571531
+1 20571531
+9 82286124

fn=(674) delete_expired
788 27324
+5 223491054
+1 223633689
-1 68946
+20 14904
-9 2868
+6 7508
-12 4809
+6 338
-2 169
+3 3206
+3 3206
cfn=(710)
calls=1603 1196 
* 169649
* 3206
-2 3206

fn=(694)
815 48092
+2 24046
-2 72138
+2 24046
-2 96184
+2 24046
-2 24046
+2 48092
+11 96144
cob=(2)
cfi=(51)
cfn=(664)
calls=24036 0 
* 588909
* 24036
-1 48072
+25 48072
+36 192288
-59 48072
-11 20
cob=(2)
cfi=(51)
cfn=(620)
calls=10 0 
* 1890
+1 10
-1 10
+1 20
cob=(2)
cfi=(51)
cfn=(622)
calls=10 0 
* 160
* 20
cob=(2)
cfi=(51)
cfn=(620)
calls=10 0 
* 442
fi=(180)
79 10
fe=(157)
819 20
fi=(180)
79 10
cob=(2)
cfi=(51)
cfn=(698) 0x0000000000109120
calls=10 -79 
* 295
fe=(157)
821 10
+1 10
+1 10
-2 10
+4 10
+63 80

fn=(702) check_wo
1015 19872
+3 2484
-3 14904
+6 4968
-2 7452
+38 77477373
+4 102095643
+27 79844519
-67 211278916
+5 113836896
-2 113836896
+2 455347584
+2 93245005
+3 186490010
+10 74129255
cob=(2)
cfi=(51)
cfn=(664)
calls=14825851 0 
* 348687224
* 29651702
+11 6001642
+1 6001642
+1 14985660
-23 470063735
cob=(2)
cfi=(51)
cfn=(664)
calls=94012747 0 
* 2189687000
* 188025494
+2 316747584
+24 8206577
-10 8206577
+10 16413304
+8 600
-2 150
+2 150
cfn=(670)
calls=150 +28 
* 92382
* 135968908
-2 33992227
+2 33992227
cfn=(670)
calls=33992227 +28 
* 25316242965
* 67984754
+11 67965534
+4 8197438
+5 8197438
-5 16394876
+1 8197438
-60 16394876
+70 19872
-48 42863401
-19 11191246
+43 38440
cfn=(704) remove_order
calls=9610 600 
* 134521
+3 38440
cfn=(706)
calls=9610 534 
* 819291
1178 9610
+2 19220
+7 66329
+2 66329
-2 66329
+2 66329
cob=(2)
cfi=(51)
cfn=(686)
calls=66329 0 
* 6768170
-9 132658
+2 177212
+1 443030
+1 44554
cfn=(710)
calls=22277 +12 
* 2533004
+5 44554
cob=(2)
cfi=(51)
cfn=(686)
calls=22277 0 
* 2295220
-9 44656
+11 102
+1 102
+1 102
1085 102
1194 102
-3 9508
+1 9508
+1 9508
1085 9508
1194 9508
1077 51570658
+8 25785329
-8 25785329
cfn=(672)
calls=25785329 1281 
* 2621144474
* 25785329

fn=(540) main
89 945
+3 1
-3 3
+3 2
-1 2
+1 1
cob=(2)
cfi=(51)
cfn=(542) 0x00000000001091c0
calls=1 -92 
* 3634
* 2
+21 2
+3 2
-3 1
-14 1
+20 1
-19 1
+13 257
+3 1
-15 1
+15 2
-14 1
+14 1
cob=(2)
cfi=(51)
cfn=(610) 0x0000000000109160
calls=1 0 
* 240019
+1 6
cob=(2)
cfi=(51)
cfn=(610)
calls=1 0 
* 240019
+1 6
cob=(2)
cfi=(51)
cfn=(610)
calls=1 0 
* 240019
+1 4
cob=(2)
cfi=(51)
cfn=(610)
calls=1 0 
* 240019
-13 1
fi=(178)
-57 2
cob=(2)
cfi=(51)
cfn=(614)
calls=1 -49 
* 21
* 268320
cob=(2)
cfi=(51)
cfn=(614)
calls=134160 -49 
* 2822924
* 134161
fe=(157)
+73 134161
+4 134161
-4 268322
+4 804956
+32 268052
+6 134160
+1 2210546
+1 971113
-1 971113
fi=(178)
49 2913339
cob=(2)
cfi=(51)
cfn=(614)
calls=971113 -49 
* 20427876
* 402480
cob=(2)
cfi=(51)
cfn=(614)
calls=134160 -49 
* 2823243
fe=(157)
165 2210546
+5 134160
-2 134160
+2 134160
-2 134160
+2 620586
+61 637068
+42 316671
+36 206146
+84 268320
172 680012
+1 340006
-1 340006
fi=(178)
49 1020018
cob=(2)
cfi=(51)
cfn=(614)
calls=340006 -49 
* 7154436
* 83946
cob=(2)
cfi=(51)
cfn=(614)
calls=27982 -49 
* 589530
fe=(157)
172 735976
+4 27982
512 111928
-2 27982
+3 55964
+1 27982
-1 83946
-1 83946
+1 624048
+1 312024
-1 936072
-1 936072
+4 223856
182 27982
516 27982
182 106236
+8 3022
+1 6044
+1 1370
+4 1791
cob=(2)
cfi=(51)
cfn=(664)
calls=597 0 
* 14283
* 1194
+5 515
-10 4147
+1 3117
-1 3117
+1 6234
cob=(2)
cfi=(51)
cfn=(664)
calls=3117 0 
* 74760
-1 8666
+13 7296
cob=(2)
cfi=(51)
cfn=(664)
calls=2432 0 
* 58344
* 1260
cob=(2)
cfi=(51)
cfn=(664)
calls=420 0 
* 10108
* 5704
+3 7155
cob=(2)
cfi=(51)
cfn=(664)
calls=2385 0 
* 57140
+6 4770
fi=(182) /usr/include/x86_64-linux-gnu/bits/stdio2.h
112 6252
cob=(2)
cfi=(51)
cfn=(642) 0x0000000000109130
calls=3126 0 
* 486308
* 3126
fe=(157)
227 779930
fi=(178)
49 786182
cob=(2)
cfi=(51)
cfn=(614)
calls=393091 -49 
* 8270493
fe=(157)
227 789308
+6 1863
+1 7521
-1 7521
fi=(178)
49 15042
cob=(2)
cfi=(51)
cfn=(614)
calls=7521 -49 
* 157941
* 1242
cob=(2)
cfi=(51)
cfn=(614)
calls=621 -49 
* 13041
fe=(157)
233 8142
+1 8142
-1 81420
+9 621
-6 621
+6 621
+11 1242
-11 10955598
+5 21909594
-5 32865390
+1 21910728
cob=(2)
cfi=(51)
cfn=(664)
calls=5477682 0 
* 131055475
* 32865532
cob=(2)
cfi=(51)
cfn=(664)
calls=5477542 0 
* 131056834
* 10955084
fi=(182)
112 1008
cob=(2)
cfi=(51)
cfn=(642)
calls=504 0 
* 77365
* 504
fe=(157)
245 504
+2 1008
+6 2887
+5 4274
-5 12480
+1 8760
cob=(2)
cfi=(51)
cfn=(664)
calls=2190 0 
* 52450
* 13140
cob=(2)
cfi=(51)
cfn=(664)
calls=2190 0 
* 52506
* 8760
+4 4380
+5 1242
+1 351
cfn=(708)
calls=117 717 
* 65856
* 234
fi=(182)
112 226
cob=(2)
cfi=(51)
cfn=(642)
calls=113 0 
* 18158
* 113
fe=(157)
+10 4
+5 402
+6 134
-2 134
+9 9794
-5 28980
+1 9660
+4 28980
-3 9660
+3 9660
cfn=(704)
calls=9660 600 
* 125312
+4 28980
cfn=(720) insert_van
calls=9660 678 
* 2417774
-9 19320
+13 402
+1 9660
fi=(182)
-37 67620
cob=(2)
cfi=(51)
cfn=(722) 0x00000000001091b0
calls=9660 0 
* 12739547
fe=(157)
+39 19320
+1 9660
cob=(2)
cfi=(51)
cfn=(686)
calls=9660 0 
* 1062040
-4 19320
+10 268
+3 268
-55 2
402 120000
+2 4
-1 8
+18 120000
+2 16769
+1 16769
-2 33538
+14 11974
+1 5987
+2 11974
+1 5987
+1 11974
+1 5987
+2 11974
+1 11974
cob=(2)
cfi=(51)
cfn=(686)
calls=5987 0 
* 670544
-6 15948
+1 7974
+1 15948
+1 7974
+2 15948
+1 15948
cob=(2)
cfi=(51)
cfn=(686)
calls=7974 0 
* 893088
-1 180758
+1 180758
cob=(2)
cfi=(51)
cfn=(686)
calls=90379 0 
* 10122448
+1 208680
cob=(2)
cfi=(51)
cfn=(686)
calls=104340 0 
* 11685931
-4 208680
+6 27922
cob=(2)
cfi=(51)
cfn=(686)
calls=13961 0 
* 1563632
+1 27922
cob=(2)
cfi=(51)
cfn=(686)
calls=13961 0 
* 1563632
-12 27922
+20 120000
+1 28928
+5 8492
+2 4246
+2 8492
+1 4246
cob=(2)
cfi=(51)
cfn=(686)
calls=4246 0 
* 475552
-1 11868
+1 5934
cob=(2)
cfi=(51)
cfn=(686)
calls=5934 0 
* 664608
-3 20360
+9 90000
+1 20
-77 89970
+95 1
+1 2
+2 179866
+1 89933
cob=(2)
cfi=(51)
cfn=(686)
calls=89933 0 
* 10072496
-3 179866
+7 1
+1 2
+5 12
404 4
cob=(2)
cfi=(51)
cfn=(686)
calls=4 0 
* 448
+1 8
cob=(2)
cfi=(51)
cfn=(686)
calls=4 0 
* 448
* 4
+54 20436
cob=(2)
cfi=(51)
cfn=(686)
calls=10218 0 
* 1144416
* 10218
+17 10
-78 10
+78 10
cob=(2)
cfi=(51)
cfn=(686)
calls=10 0 
* 1120
-78 20
+26 10782
+1 10782
+2 21564
+1 21564
cob=(2)
cfi=(51)
cfn=(686)
calls=10782 0 
* 1207563
-1 140742
+1 140742
cob=(2)
cfi=(51)
cfn=(686)
calls=70371 0 
* 7881445
+1 162306
cob=(2)
cfi=(51)
cfn=(686)
calls=81153 0 
* 9088989
-4 162306
+6 21564
cob=(2)
cfi=(51)
cfn=(686)
calls=10782 0 
* 1207584
+1 21564
cob=(2)
cfi=(51)
cfn=(686)
calls=10782 0 
* 1207582
* 10782
216 49712
cob=(2)
cfi=(51)
cfn=(620)
calls=24856 0 
* 4317884
+2 24856
-1 24856
-1 24856
+2 24856
cob=(2)
cfi=(51)
cfn=(622)
calls=24856 0 
* 397696
* 74568
cob=(2)
cfi=(51)
cfn=(620)
calls=24856 0 
* 2585753
* 24856
fi=(180)
79 49838
fe=(157)
663 24856
516 24856
663 99424
+6 8019
+1 8019
-1 8019
+2 16038
+1 8019
+3 16038
cfn=(628)
calls=8019 -53 
* 70266695
* 33674
cfn=(628)
calls=16837 -53 
* 147228643
fi=(182)
112 49712
cob=(2)
cfi=(51)
cfn=(642)
calls=24856 0 
* 3865763
* 24856
fe=(157)
273 9936
+3 12420
cfn=(674)
calls=2484 788 
* 447434082
+4 14904
cfn=(676)
calls=2484 890 
* 45003784
fi=(182)
112 4968
cob=(2)
cfi=(51)
cfn=(642)
calls=2484 0 
* 386449
fe=(157)
284 4968
+1 223560000
+1 41114132
+5 8117166
+2 4058583
+2 8117166
+1 4058583
cob=(2)
cfi=(51)
cfn=(686)
calls=4058583 0 
* 454538253
-1 10457342
+1 5228671
cob=(2)
cfi=(51)
cfn=(686)
calls=5228671 0 
* 585587511
-3 18574508
+6 20557066
-15 223560000
+21 22356
cfn=(702)
calls=2484 1015 
* 33641933465
* 7452
+4 515365
+2 2483942
+1 1241971
-1 1241971
fi=(178)
49 3725913
cob=(2)
cfi=(51)
cfn=(614)
calls=1241971 -49 
* 26135928
* 309219
cob=(2)
cfi=(51)
cfn=(614)
calls=103073 -49 
* 2167077
fe=(157)
311 2690088
+3 103073
512 412292
-2 103073
+3 206146
+1 103073
-1 309219
-1 309219
+1 2277796
+1 1138898
-1 3416694
-1 3416694
+4 927657
321 613736
+8 32468
+1 64936
510 97404
331 16604
+4 16998
cob=(2)
cfi=(51)
cfn=(664)
calls=5666 0 
* 135873
* 11332
+5 3104
-10 39568
+1 33360
-1 33360
+1 66720
cob=(2)
cfi=(51)
cfn=(664)
calls=33360 0 
* 798611
-1 66720
+13 81810
cob=(2)
cfi=(51)
cfn=(664)
calls=27270 0 
* 653579
* 54540
+3 37773
cob=(2)
cfi=(51)
cfn=(664)
calls=12591 0 
* 301864
* 25182
fi=(182)
112 6960
cob=(2)
cfi=(51)
cfn=(642)
calls=3480 0 
* 540922
fi=(178)
-63 36846
cob=(2)
cfi=(51)
cfn=(614)
calls=18423 -49 
* 387360
fe=(157)
389 40326
fi=(180)
79 250444
fi=(182)
+33 8
cob=(2)
cfi=(51)
cfn=(642)
calls=4 0 
* 620
* 4
fe=(157)
287 32996966
cob=(2)
cfi=(51)
cfn=(686)
calls=16498483 0 
* 1847515142
* 16498483
182 24369
cob=(2)
cfi=(51)
cfn=(664)
calls=8123 0 
* 194358
* 16246
+8 2104
+1 6312
664 16837
+1 16837
+1 36310
343 5272
+11 5272
-11 29814
+11 29814
-11 82050
+11 164100
+1 103048
-1 103048
fi=(178)
49 206096
cob=(2)
cfi=(51)
cfn=(614)
calls=103048 -49 
* 2167029
* 199186
cob=(2)
cfi=(51)
cfn=(614)
calls=99593 -49 
* 2094474
fe=(157)
355 202641
-1 807109
+3 99593
fi=(181)
+7 199186
fe=(157)
-3 99593
fi=(181)
+3 199186
cob=(2)
cfi=(51)
cfn=(636)
calls=99593 0 
* 10821689
fe=(157)
-2 99593
fi=(181)
+2 99593
fe=(157)
-2 99593
+2 99593
+1 99593
+1 199186
-2 644728
+1 644728
+1 1289456
+3 199186
cob=(2)
cfi=(51)
cfn=(620)
calls=99593 0 
* 17750725
+7 99593
+1 99593
+5 99593
-6 99593
-4 99593
+5 99593
+1 99593
-2 99593
+6 99593
-12 99593
+1 99593
+2 99593
+1 99593
+1 99593
+7 1095523
cfn=(668)
calls=99593 1211 
* 37633980
fi=(182)
112 298779
cob=(2)
cfi=(51)
cfn=(642)
calls=99593 0 
* 15493067
* 99593
fe=(157)
321 204762
cob=(2)
cfi=(51)
cfn=(664)
calls=68254 0 
* 1635947
* 136508
+8 67371
+1 202113
510 4424
fi=(180)
79 378
fe=(157)

fn=(720)
678 9660
+1 28980
+7 19052
-1 339468
+1 1951064
+2 2414
+1 2414
+1 2414
+25 2414
-22 7147
+8 14224
+7 6977
+1 6977
+1 6977
+1 6977
+4 6977
-35 134
+1 134
+1 268
+12 2292
+8 135
+1 135
+1 135
-1 135
+2 270

fn=(704)
600 19270
+2 38540
+1 57810
+4 38272
+4 38270
+5 19180
+1 9590
+3 9590
-17 270
+1 134
+1 268
+3 2
+1 2
+3 9545
+1 19090

ob=(2)
fl=(51)
fn=(478) 0x000000000483f000
0 6
cob=(4) /usr/libexec/valgrind/vgpreload_core-amd64-linux.so
cfi=(145) ???
cfn=(482) 0x0000000000001170
calls=1 0 
0 12
0 1
cob=(4)
cfi=(145)
cfn=(490) 0x00000000000012f0
calls=1 0 
0 5
0 2

fn=(516) 0x0000000000109000
0 7

fn=(164) 0x0000000004002050
0 6
cob=(1) /usr/lib/x86_64-linux-gnu/ld-linux-x86-64.so.2
cfi=(52) ./elf/./elf/dl-error-skeleton.c
cfn=(166) _dl_catch_exception
calls=3 175 
0 9481

fn=(620)
0 273793196
cob=(3)
cfi=(166) ./malloc/./malloc/malloc.c
cfn=(568) malloc
calls=136896598 3287 
0 6969204687

fn=(526) 0x00000000048746d0
0 2
cob=(1)
cfi=(49) ./elf/./elf/dl-audit.c
cfn=(530) _dl_audit_preinit
calls=1 117 
0 5
cob=(1)
cfi=(141) ./elf/../sysdeps/x86_64/dl-trampoline.h
cfn=(456) _dl_runtime_resolve_xsave
calls=1 67 
0 824
0 5

fn=(542)
0 2
cob=(3)
cfi=(158) ./stdio-common/./stdio-common/isoc99_scanf.c
cfn=(544) __isoc99_scanf
calls=1 25 
0 3632

fn=(614)
0 14547106
cob=(3)
cfi=(177) ./libio/./libio/getc.c
cfn=(616) getc
calls=7273553 34 
0 138479890

fn=(686)
0 273741924
cob=(3)
cfi=(166)
cfn=(688) free
calls=136870962 3352 
0 12849541890

fn=(776) 0x000000000010b764
0 4

fn=(788) 0x000000000483f040
0 2
cob=(3)
cfi=(199) ./stdlib/./stdlib/cxa_finalize.c
cfn=(762) __cxa_finalize
calls=1 30 
0 72

fn=(450) 0x0000000004874650
0 38
cob=(1)
cfi=(10) ./elf/./elf/dl-tunables.c
cfn=(24) __tunable_get_val
calls=19 405 
0 391
cob=(1)
cfi=(141)
cfn=(456)
calls=1 67 
0 813
0 5

fn=(500) 0x00000000048745f0
0 2
cob=(3)
cfi=(148) ./string/../sysdeps/x86_64/multiarch/strrchr-avx2.S
cfn=(502) __strrchr_avx2
calls=1 46 
0 28

fn=(566) 0x0000000004874380
0 4
cob=(3)
cfi=(166)
cfn=(568)
calls=2 3287 
0 1987

fn=(622)
0 470562
cob=(3)
cfi=(179) ./string/../sysdeps/x86_64/multiarch/strlen-avx2.S
cfn=(624) __strlen_avx2
calls=235281 50 
0 3293934

fn=(636)
0 668108
cob=(3)
cfi=(173) ./stdlib/../stdlib/strtol.c
cfn=(638) strtol
calls=334054 105 
0 45653232

fn=(642)
0 268320
cob=(3)
cfi=(183) ./libio/./libio/ioputs.c
cfn=(644) puts
calls=134160 33 
0 20600332

fn=(646) 0x0000000004874490
0 287640
cob=(3)
cfi=(179)
cfn=(624)
calls=143820 50 
0 2013598

fn=(780) 0x000000000483f334
0 3
cob=(4)
cfi=(145)
cfn=(782) 0x00000000000010e0
calls=1 0 
0 105
0 2

fn=(610)
0 8
cob=(3)
cfi=(176) ./string/../sysdeps/x86_64/multiarch/memset-vec-unaligned-erms.S
cfn=(612) __memset_avx2_unaligned_erms
calls=4 181 
0 960068

fn=(698)
0 20
cob=(3)
cfi=(187) ./string/../sysdeps/x86_64/multiarch/strcpy-avx2.S
cfn=(700) __strcpy_avx2
calls=10 53 
0 275

fn=(722)
0 19320
cob=(3)
cfi=(189) ./debug/./debug/printf_chk.c
cfn=(724) __printf_chk
calls=9660 25 
0 12720227

fn=(160) 0x0000000004002080
0 2
cob=(1)
cfi=(52)
cfn=(162) _dl_catch_error
calls=1 225 
0 2782

fn=(664)
0 528698102
cob=(3)
cfi=(186) ./string/../sysdeps/x86_64/multiarch/strcmp-avx2.S
cfn=(666) __strcmp_avx2
calls=264349051 83 
0 5785369759

fn=(682)
0 96134
cob=(3)
cfi=(185) ./string/../sysdeps/x86_64/multiarch/memmove-vec-unaligned-erms.S
cfn=(662) __memcpy_avx_unaligned_erms
calls=48067 307 
0 586411

fn=(760)
0 2
cob=(3)
cfi=(199)
cfn=(762)
calls=1 30 
0 72

fn=(658) 0x00000000048743e0
0 384136
cob=(3)
cfi=(185)
cfn=(660) __mempcpy_avx_unaligned_erms
calls=192068 294 
0 3018131

fn=(728) 0x00000000048744d0
0 77280
cob=(3)
cfi=(191) ./string/../sysdeps/x86_64/multiarch/strchr-avx2.S
cfn=(730) __strchrnul_avx2
calls=38640 51 
0 734160

ob=(1)
fl=(67) ./io/../sysdeps/unix/sysv/linux/stat64.c
fn=(220) stat
28 20
+1 40
cfi=(59) ./io/../sysdeps/unix/sysv/linux/fstatat64.c
cfn=(192) fstatat
calls=10 153 
* 98

fl=(79) ./elf/./elf/dl-lookup.c
fn=(282) do_lookup_x
363 832
+1 104
-1 520
+48 104
-30 208
-11 104
+41 104
-30 312
+30 104
fi=(80) ./elf/../sysdeps/generic/dl-protected.h
44 312
fe=(79)
381 104
fi=(80)
44 416
fe=(79)
395 978
+4 326
+4 326
-3 326
+3 1304
+1 978
+3 326
+1 652
+7 326
-3 652
-2 326
+5 1304
+3 2282
570 690
374 654
+3 654
+4 660
+4 652
+4 652
+88 194
fi=(4) ./elf/../sysdeps/generic/ldsodefs.h
137 194
+1 291
fe=(79)
528 194
fi=(80)
29 194
fe=(79)
535 748
+16 194
+1 97
+1 194
422 412
-1 206
+2 206
+2 1236
+13 438
-10 1215
+3 100
-1 200
+1 100
-1 100
+2 200
-1 1200
cfn=(284) check_match
calls=100 70 
* 9734
+4 300
+3 6
573 7
+1 832
-35 21
-70 12
171 42
452 776

fn=(280) _dl_lookup_symbol_x
840 1040
+10 104
-10 208
+10 104
-10 104
+10 104
204 104
840 104
204 520
581 416
-1 208
+2 104
-1 104
+1 312
-1 312
+1 1303
-1 1303
+1 3909
-1 3909
+2 104
846 104
-4 104
+1 104
+7 104
-8 104
+1 104
+7 389
+3 104
+2 208
-2 104
+6 208
-7 624
+7 35
+1 1456
cfn=(282)
calls=104 363 
* 36935
* 312
+28 104
-23 104
+23 104
-23 208
+24 566
+7 97
-7 97
+40 388
+79 194
-65 291
+3 291
-62 104
+69 936
-86 42
+18 21
+59 2

fn=(284)
70 100
+3 100
-3 1200
+3 396
+13 98
-13 98
+13 98
-13 98
+13 294
+3 340
cfi=(32) ./string/../sysdeps/x86_64/strcmp.S
cfn=(90) strcmp
calls=36 +19 
* 1670
* 72
+4 98
+1 196
+2 192
+19 192
+1 768
+2 2
-40 97
+84 582
-18 4
+2 4
+1 2
-1 4
+1 6
-1 4
+9 1
+7 18
-45 285
cfi=(32)
cfn=(90)
calls=95 -9 
* 2513
* 190
-44 8
+82 4

fl=(54) ./elf/./elf/dl-misc.c
fn=(174) _dl_name_match_p
68 84
+1 28
cfi=(32)
cfn=(90)
calls=14 +39 
* 500
* 28
+3 14
+2 28
+6 15
-6 30
+1 54
cfi=(32)
cfn=(90)
calls=18 +33 
* 733
* 36
+8 3
-13 3
+13 20
-1 11
+1 33

fn=(224) _dl_sysdep_read_whole_file
36 2
+3 1
-3 6
+3 1
-3 1
+3 1
cfi=(55) ./io/../sysdeps/unix/sysv/linux/open64_nocancel.c
cfn=(178) __open_nocancel
calls=1 -11 
* 19
+1 2
+23 7
-21 4
cfi=(58) ./io/../sysdeps/unix/sysv/linux/fstat64.c
cfn=(190) fstat
calls=1 -13 
* 15
* 2
+2 2
+3 2
+13 2
cfi=(64) ./io/../sysdeps/unix/sysv/linux/close_nocancel.c
cfn=(204) __GI___close_nocancel
calls=1 -35 
* 6
* 1
-11 6
cfi=(60) ./misc/../sysdeps/unix/sysv/linux/mmap64.c
cfn=(194) mmap
calls=1 -2 
* 9
* 2

fl=(1) ???
fn=(0) 0x0000000000020290
0 2
cfi=(2) ./elf/./elf/rtld.c
cfn=(2) _dl_start
calls=1 527 
0 142742
0 14
cfi=(144) ./elf/./elf/dl-init.c
cfn=(474) _dl_init
calls=1 77 
0 355
0 3
cob=(5)
cfi=(150)
cfn=(508)
calls=1 0 
0 38564376320

fl=(142) ./elf/./elf/dl-runtime.c
fn=(458) _dl_fixup
46 16
+2 10
+1 2
+6 2
fi=(203) ./elf/../sysdeps/x86_64/dl-runtime.h
-27 2
fe=(142)
+21 2
+5 2
+1 2
-6 2
+6 4
+1 2
+2 2
-2 2
+2 2
-2 10
+7 4
+4 4
+4 6
+4 6
+1 8
-7 8
+16 2
-1 2
+1 4
+10 20
cfi=(79)
cfn=(280)
calls=2 840 
* 1363
* 2
+4 10
+10 20
+15 8
+9 6
+26 6
fi=(6) ./elf/../sysdeps/x86_64/dl-machine.h
+70 2
fe=(142)
-66 12

fl=(73) ./malloc/./malloc/scratch_buffer_set_array_size.c
fn=(240) __libc_scratch_buffer_set_array_size
30 20
+4 2
+1 4
+11 2
-1 4
+18 8

fl=(12) ./elf/./elf/dl-sort-maps.c
fn=(248) dfs_traversal.part.0
140 64
+10 8
-2 8
+2 16
+2 20
+3 20
-3 40
+9 16
+15 24
+1 8
+1 48
-17 12

fn=(246) _dl_sort_maps
290 20
+8 2
-8 2
+8 4
+4 16
-79 4
-37 2
+37 2
-36 8
+1 2
-1 2
+1 2
-1 4
+1 6
-1 6
+1 6
-1 12
+36 30
+8 6
-3 2
+2 2
+1 2
-8 2
+5 2
+3 8
+2 18
+2 8
-90 40
cfn=(248)
calls=8 -5 
* 284
+93 16
+18 4
+13 2
+33 2
-26 8
cfi=(29) ./string/../sysdeps/x86_64/multiarch/memmove-vec-unaligned-erms.S
cfn=(80) memcpy
calls=2 -64 
* 22
* 2

fn=(22) _dl_sort_maps_init
281 2
+1 4
cfi=(10)
cfn=(24)
calls=1 405 
* 20
+2 3
-1 1
+2 2

fl=(22) ./string/../sysdeps/x86_64/multiarch/strlen-vec.S
fn=(60) strlen
41 16
+44 16
+1 16
+1 16
+1 16
+1 16
+1 16
+1 16
+2 16
+2 16
+31 15
+1 15
+1 15
+1 15
+1 15
+1 10
+2 10
+4 5
+1 5
+1 5
+1 5
+1 5
+1 5
+1 5
+1 5
+1 5
+1 5
+1 5
+1 5
+5 40
+4 1
+1 14
+1 8

fl=(56) ./io/../sysdeps/unix/sysv/linux/read_nocancel.c
fn=(180) __read_nocancel
25 2
+1 8
+1 2

fl=(58)
fn=(190)
29 6
+1 6
+5 9
cfi=(59)
cfn=(192)
calls=3 153 
* 24

fl=(23) ./elf/../misc/sbrk.c
fn=(62) sbrk
37 5
+3 1
+18 2
+4 2
+16 5

fl=(27) ./elf/./elf/dl-minimal-malloc.c
fn=(72) __minimal_calloc
78 8
+4 8
-4 32
+7 8
+1 24
fi=(28) ./elf/../include/rtld-malloc.h
-30 8
cfi=(27)
cfn=(76) __minimal_malloc
calls=8 -21 
* 235
fe=(27)

fn=(144) __minimal_free
95 3
+2 12

fn=(76)
35 120
+1 24
+11 24
-11 48
+11 48
+3 24
-3 24
+3 136
+18 24
+1 24
+2 96
-16 8
+1 4
+2 2
+1 14
cfi=(60)
cfn=(194)
calls=2 -12 
* 18
* 2
+2 4
+2 4
+2 2
+4 2
-4 4
-23 1
-1 1
+1 1
+1 2
-2 2

fl=(15) ./elf/../sysdeps/x86/dl-get-cpu-features.c
fn=(436) __x86_cpu_features
71 1
-32 3
+32 2

fn=(32) _dl_x86_init_cpu_features
37 1
+2 3
+2 1
cfi=(16) ./elf/../sysdeps/x86/cpu-features.c
cfn=(34) init_cpu_features.constprop.0
calls=1 399 
* 7219

fl=(45) ./string/./string/strdup.c
fn=(140) strdup
40 15
+1 3
cfi=(22)
cfn=(60)
calls=3 * 
* 87
* 3
fi=(204) ./string/../include/rtld-malloc.h
+15 6
cfi=(27)
cfn=(76)
calls=3 -21 
* 75
fe=(45)
-12 6
+4 3
-1 9
+1 6
-1 3
cfi=(29)
cfn=(80)
calls=3 212 
* 41

fl=(135) ./elf/./elf/dl-call-libc-early-init.c
fn=(438) _dl_call_libc_early_init
27 1
+2 2
-2 1
+6 3
-6 1
+6 3
-6 1
+6 1
cfi=(134) ./elf/./elf/dl-lookup-direct.c
cfn=(434) _dl_lookup_direct
calls=1 +41 
* 177
+4 2
+2 4
+2 1
-1 1
+1 2
-1 1
cob=(3)
cfi=(136) ./elf/./elf/libc_early_init.c
cfn=(440) __libc_early_init
calls=1 -7 
* 1108

fl=(26) ./elf/./elf/dl-object.c
fn=(70) _dl_new_object
59 42
+3 6
+18 2
+3 2
-3 2
+3 2
cfi=(22)
cfn=(60)
calls=2 -42 
* 52
+4 4
-4 4
+9 4
fi=(28)
-48 6
cfi=(27)
cfn=(72)
calls=2 +34 
* 100
fe=(26)
+48 1
fi=(28)
-48 3
cfi=(27)
cfn=(72)
calls=1 +34 
* 43
* 3
fe=(26)
+51 6
+5 3
-2 3
+6 3
-4 3
+4 3
-5 3
+4 3
+1 3
-1 3
+1 6
cfi=(29)
cfn=(80)
calls=3 212 
* 44
* 6
+2 3
+13 6
+6 1
+2 7
+3 2
-3 14
+3 4
+9 3
-7 3
+4 3
+3 15
+2 1
-2 3
+2 15
-2 45
+16 6
-5 3
+5 3
-6 3
+6 3
-6 3
+6 6
+2 4
+3 4
-3 4
+7 8
+4 4
+8 2
+3 2
+10 3
-10 4
+10 6
+2 2
+21 2
-21 2
cfi=(22)
cfn=(60)
calls=2 41 
* 70
* 6
+17 2
-13 6
+50 6
cfi=(29)
cfn=(128) mempcpy
calls=2 -46 
* 34
* 2
+5 4
+1 4
-1 80
+1 80
+2 4
+3 2
+3 2
+4 27
131 8
-12 4
+34 1
+7 4
+8 8
fi=(28)
56 4
cfi=(27)
cfn=(76)
calls=2 -21 
* 50
* 2
fe=(26)
200 8
64 2
+2 3
+1 2
+10 5
-6 2

fn=(82) _dl_add_to_namespace_list
31 6
+2 3
-2 6
+2 3
-2 6
+2 3
cfi=(24) ./elf/../sysdeps/nptl/dl-tls_init_tp.c
cfn=(84) rtld_mutex_dummy
calls=3 +9 
* 9
+2 23
+3 20
+2 2
+2 2
+4 2
+4 2
-4 4
+1 2
+4 2
-4 2
+1 2
+3 2
-3 2
+3 2
-1 2
cfi=(24)
cfn=(84)
calls=2 -8 
* 6
-4 1
+4 1
-4 2
+1 1
+4 1
-4 1
+1 1
+3 1
-3 1
+3 1
-1 1
cfi=(24)
cfn=(84)
calls=1 -8 
* 3
-5 2

fl=(10)
fn=(18) __GI___tunables_init
282 9
-9 7
71 125
+6 40
-3 40
+3 3460
-3 40
-3 80
357 8
81 80
+5 120
fi=(11) ./elf/./elf/dl-tunables.h
+54 40
fe=(10)
-54 40
fi=(11)
+54 40
+1 102
-1 77
+1 22
-1 40
+1 80
fe=(10)
323 160
-18 5600
+6 8800
fi=(11)
140 360
+1 720
-1 19
+1 76
-1 95
fe=(10)

fn=(54) __GI___tunable_set_val
157 15
-55 5
+55 5
-55 5
+55 5
-55 35
+9 5
+1 5
fi=(205) ./elf/./dl-tunable-types.h
-22 10
fe=(10)
+22 20
+1 40
fi=(11)
+8 10
+1 5
fe=(10)
-6 15
fi=(11)
+15 5
fe=(10)
-12 10
+4 10
+7 10
+1 10
+3 30
+1 5
+1 5
+1 5
+24 5
fi=(11)
-30 15
fe=(10)

fn=(24)
405 33
+3 231
+9 33
-9 126
+9 10
+17 165
+2 33
-9 23
+1 23

fl=(60)
fn=(194)
47 24
+3 24
+8 48
+2 12

fl=(2)
fn=(156) handle_preload_list
894 10
+5 1
-5 2
+5 2
+6 1
-64 1
+54 3
+7 3
cfi=(50) ./string/../sysdeps/x86_64/strcspn.S
cfn=(158) strcspn
calls=1 25 
* 233
* 1
+1 3
+9 1
191 1
914 2
191 2
916 2
-80 1
+5 5
-10 1
+8 1
-4 1
+1 1
+1 1
+4 1
cob=(2)
cfi=(51)
cfn=(160)
calls=1 0 
* 2784
+1 3
+8 3
+67 1
-18 2
+21 9
-15 4
cfi=(29)
cfn=(80)
calls=1 212 
* 19
+1 2

fn=(170) map_doit
663 2
+2 1
-2 1
+2 1
+1 2
-1 2
+1 3
cfi=(31) ./elf/./elf/dl-load.c
cfn=(172) _dl_map_object
calls=1 2022 
* 2683
* 1
+2 2

fn=(252) version_check_doit
696 3
+2 4
cfi=(75) ./elf/./elf/dl-version.c
cfn=(254) _dl_check_all_versions
calls=1 361 
* 4125
* 2
+4 2

fn=(64) dl_main
1320 2
205 1
311 1
1320 2
2818 1
1320 3
2829 1
1320 2
2698 1
1320 2
311 1
1320 3
207 1
310 1
205 1
+99 3
1332 1
cfi=(24)
cfn=(66) __tls_pre_init_tp
calls=1 53 
* 17
2677 3
+6 5
-4 1
+4 1
+2 3
cfi=(25) ./elf/./elf/dl-environ.c
cfn=(68) _dl_next_ld_env_entry
calls=1 28 
* 41
* 4
cfi=(25)
cfn=(68)
calls=2 28 
* 234
* 9
+4 6
-2 2
+2 6
+1 2
-1 6
+1 17
-1 89
+9 12
2845 4
+32 2
1348 1
+1 2
-1 2
+1 2
2774 3
+1 3
-56 2
+7 2
1627 9
cfi=(26)
cfn=(70)
calls=1 59 
* 230
* 1
+2 2
+1 1
+6 2
-6 1
+1 2
+1 3
+4 1
cfi=(26)
cfn=(82)
calls=1 31 
* 36
+1 2
1140 1
1326 1
1169 1
-29 1
+11 1
+18 2
-21 1
+21 1
-19 1
-4 1
+23 1
-21 1
+21 2
+57 1
-83 1
+23 1
+4 1
+19 1
+22 1
+15 5
-56 116
1275 4
+2 1
1169 18
fi=(30) ./elf/../sysdeps/x86/dl-prop.h
105 2
fe=(2)
1282 22
+6 4
cfi=(31)
cfn=(88) _dl_process_pt_gnu_property
calls=1 868 
* 20
-7 26
+1 13
+6 13
-6 26
fi=(30)
212 4
+1 2
95 8
+10 2
212 1
105 1
-2 1
-3 1
+2 1
+3 1
-4 2
+92 4
-1 1
-87 3
+3 3
+1 2
+1 2
+4 3
+4 3
+3 3
+1 2
+4 1
+1 4
+58 3
+2 4
-56 4
+1 2
+3 4
+3 2
+1 8
+5 4
+2 4
+5 4
+14 2
-1 4
+2 2
fe=(2)
1174 1
-5 1
+5 2
-5 2
+30 1
-9 1
+27 1
-27 1
+2 1
-3 1
+10 2
-20 2
-10 1
+10 1
+1 9
-11 2
+57 4
-1 4
+1 8
-1 4
+2 8
+1 1
+2 12
+1 14
+4 8
+1 8
+1 4
+1 10
+1 1
+4 1
-74 1
+74 2
-74 2
+74 3
-74 3
+74 6
-74 6
fi=(30)
165 2
fe=(2)
1271 1
1169 1
1271 1
1169 2
1294 1
+3 2
+2 1
-5 2
+3 2
+2 2
+2 2
1662 3
+2 1
-1 1
+1 2
+1 2
-2 1
+2 1
-2 2
cfi=(32)
cfn=(90)
calls=1 108 
* 34
* 2
+7 1
+3 1
-5 1
+3 1
+2 1
+1 2
+4 2
+2 2
fi=(3) ./elf/./get-dynamic-info.h
39 3
+6 1
-2 1
+2 2
+9 1
+5 1
+3 1
+2 1
-3 1
-3 1
-3 17
+13 5
-23 20
+23 21
-23 84
+4 52
+5 24
+2 5
+16 3
+25 3
+5 2
+7 2
+1 3
+22 3
+5 2
+2 2
+2 2
+2 2
+1 1
+3 3
+2 3
+1 2
+9 2
+6 2
+1 2
+3 2
fe=(2)
1688 3
+7 2
cfi=(8) ./elf/./elf/dl-setup_hash.c
cfn=(14) _dl_setup_hash
calls=1 25 
* 29
+3 2
fi=(33) ./elf/./setup-vdso.h
24 2
fi=(35) ./elf/../sysdeps/unix/sysv/linux/dl-vdso-setup.h
+21 1
fe=(2)
1723 1
cfi=(13) ./elf/../sysdeps/unix/sysv/linux/dl-sysdep.c
cfn=(100) _dl_discover_osversion
calls=1 46 
* 109
* 8
fi=(37) ./elf/./dl-main.h
109 5
cfi=(31)
cfn=(106) _dl_init_paths
calls=1 706 
* 2926
fe=(2)
1731 3
cfi=(46) ./elf/./elf/dl-debug.c
cfn=(146) _dl_debug_initialize
calls=1 56 
* 30
+7 1
-7 1
+2 1
+5 1
+4 1
+3 1
-3 3
+1 2
+3 1
+5 1
-7 1
+7 1
+1 3
+12 2
+1 2
+5 1
-3 2
+2 1
+1 2
+5 3
+1 5
-1 2
233 1
-1 1
+1 3
+1 2
-2 1
+2 2
1793 2
+5 1
-1 1
+1 1
+24 1
cfi=(47) ./elf/../elf/dl-tls.c
cfn=(148) _dl_count_modids
calls=1 197 
* 6
* 1
fi=(48) ./elf/../sysdeps/generic/dl-debug.h
29 3
+1 2
fe=(2)
1828 2
+1 1
cfi=(46)
cfn=(152) _dl_debug_state
calls=1 116 
* 2
+1 1
+4 3
cfi=(49)
cfn=(154) _dl_audit_activity_map
calls=1 28 
* 16
+5 3
+2 1
+2 2
+9 2
+16 4
cfi=(65) ./io/../sysdeps/unix/sysv/linux/access.c
cfn=(208) access
calls=1 25 
* 9
* 2
+76 4
+16 3
85 1
1970 1
85 2
1970 2
85 1
1970 5
cfi=(66) ./elf/./elf/dl-deps.c
cfn=(210) _dl_map_object_deps
calls=1 159 
* 8233
92 1
1976 1
92 2
+9 2
1976 2
+1 5
-1 4
+1 6
-1 12
+4 4
+1 3
+1 1
+2 2
+1 4
-1 9
+1 9
+12 3
+1 2
+2 1
+2 3
+2 1
-4 1
+5 1
-1 2
+14 2
+1 2
+1 3
+11 2
+2 1
-2 1
+2 2
-2 1
+1 2
+1 1
-1 2
+1 1
cfi=(52)
cfn=(250) _dl_receive_error
calls=1 238 
* 4153
+10 2
+1 2
+3 2
862 1
fi=(206) ./elf/../sysdeps/unix/sysv/linux/dl-osinfo.h
64 2
fe=(2)
864 1
+6 1
+3 1
+7 1
-5 1
2052 3
2282 3
1778 2
+6 1
-6 2
+6 1
+2 3
fi=(30)
198 4
+2 1
+1 1
+2 1
-3 3
+3 1
fi=(3)
59 4
+3 4
+2 4
fi=(34) ./elf/../sysdeps/unix/sysv/linux/dl-vdso.h
-24 1
+1 2
fe=(2)
2331 1
1325 1
2342 1
-4 2
+10 1
-6 1
+6 1
+3 2
+8 1
fi=(30)
36 1
fe=(2)
2359 1
fi=(30)
37 3
+3 1
+13 6
-13 3
+9 6
-9 1
+9 20
+4 15
-16 12
+34 3
cfi=(77) ./elf/../sysdeps/x86/dl-cet.c
cfn=(270) _dl_cet_check
calls=1 252 
* 30
fe=(2)
2361 2
+54 3
+3 1
85 4
2422 1
+1 19
+2 8
+5 8
+2 8
+6 4
+2 12
+1 24
cfi=(78) ./elf/./elf/dl-reloc.c
cfn=(272) _dl_relocate_object
calls=3 194 
* 81138
+4 10
+1 2
-23 1
+23 1
cfi=(47)
cfn=(412) _dl_add_to_slotinfo
calls=1 1015 
* 28
-23 6
92 3
+1 1
2454 1
93 1
2454 1
+5 4
+2 1
+7 3
cfi=(47)
cfn=(414) _dl_allocate_tls_init
calls=1 528 
* 146
+3 2
fi=(3)
72 2
+10 3
+1 4
+1 4
+1 4
+2 4
+5 4
+1 4
+1 5
fi=(35)
-64 3
+3 1
+3 1
+3 1
fi=(34)
+16 2
fe=(2)
2434 1
+1 1
-3 2
+49 3
+2 4
+10 1
cfi=(129) ./elf/./elf/dl-find_object.c
cfn=(416) _dl_find_object_init
calls=1 561 
* 571
+5 2
cfi=(7) ./elf/./elf/dl-minimal.c
cfn=(424) __rtld_malloc_init_real
calls=1 76 
* 2372
+3 1
cfi=(133) ./elf/../sysdeps/nptl/dl-mutex.c
cfn=(432) __rtld_mutex_init
calls=1 30 
* 415
85 1
2507 1
+1 3
85 3
2508 2
cfi=(78)
cfn=(272)
calls=1 194 
* 4806
92 3
+9 2
2516 3
cfi=(135)
cfn=(438)
calls=1 27 
* 1309
+7 1
cfi=(9) ./elf/../elf/dl-sysdep.c
cfn=(464) _dl_sysdep_start_cleanup
calls=1 262 
* 2
+4 3
cfi=(49)
cfn=(466) _dl_audit_activity_nsid
calls=1 40 
* 21
+5 2
cfi=(46)
cfn=(186) _dl_debug_update
calls=1 38 
* 7
+1 1
-1 1
+2 1
cfi=(46)
cfn=(152)
calls=1 116 
* 2
+1 1
+4 1
cfi=(68) ./elf/./elf/dl-cache.c
cfn=(468) _dl_unload_cache
calls=1 537 
* 18
+5 8
1741 4
1995 2
+50 2
cfn=(258) init_tls
calls=1 756 
* 784
* 2
2726 4
+2 2
+1 1
+46 2
+2 1
+1 1
-1 1
+1 1
+1 1
85 1
1847 1
85 2
1847 1
85 1
1847 2
cfn=(156)
calls=1 894 
* 3107
* 1
92 3
+9 3
1948 16
+1 1
-1 1
+4 3
+1 1
+1 2
+1 2
-7 2
fi=(30)
170 3
-39 2
fe=(2)

fn=(258)
756 3
+2 1
+4 1
-4 1
+4 2
+11 1
fi=(28)
44 1
fe=(2)
768 1
+4 1
fi=(28)
44 1
cfi=(27)
cfn=(72)
calls=1 +34 
* 36
fe=(2)
783 1
-12 1
+6 1
-9 1
+11 1
+4 1
+2 3
-1 2
+3 8
+4 1
+2 1
-2 2
-5 1
-1 2
+10 3
+3 2
cfi=(47)
cfn=(260) _dl_tls_static_surplus_init
calls=1 97 
* 79
+3 1
cfi=(47)
cfn=(262) _dl_determine_tlsoffset
calls=1 221 
* 76
+7 1
cfi=(47)
cfn=(264) _dl_allocate_tls_storage
calls=1 422 
* 442
* 1
+1 2
+6 1
+3 2
-3 1
+3 6
+3 1
cfi=(24)
cfn=(266) __tls_init_tp
calls=1 68 
* 75
+1 1
+3 5
-39 3
-1 7

fn=(2)
527 10
85 1
fi=(6)
-40 1
fe=(2)
557 1
-4 1
85 2
556 1
85 1
fi=(3)
-40 1
fe=(2)
556 1
fi=(3)
45 2
+9 1
+5 1
+3 1
+2 1
+4 1
-7 1
-3 1
-3 14
+13 4
-23 16
+23 14
-23 56
+4 36
+5 20
+2 5
+3 4
fi=(4)
+21 1
fi=(3)
-8 3
+10 4
+1 4
+1 4
+1 4
+2 4
+5 4
+1 4
+1 4
+3 3
+5 2
+7 3
+1 3
+8 2
+1 2
+5 3
+3 3
fe=(2)
573 1
fi=(6)
71 1
fe=(2)
573 42
fi=(6)
414 1
fi=(5) ./elf/./elf/do-rel.h
86 1
fe=(2)
573 2
fi=(5)
49 1
+37 1
-37 1
+37 1
+2 1
-2 1
+2 1
-2 1
+27 2
-27 1
fe=(2)
573 2
fi=(5)
49 1
+37 1
-37 1
+37 1
+2 1
-2 1
+2 1
-2 1
+27 3
+1 2
fi=(6)
534 2
fi=(5)
114 282
fi=(6)
534 282
+1 142
fi=(5)
113 142
fi=(6)
535 284
fi=(5)
113 284
+5 4
+8 7
fi=(6)
326 12
fi=(5)
126 21
+2 7
+2 7
-2 7
fi=(6)
287 7
fi=(5)
130 7
-2 7
+1 14
fi=(6)
287 14
+9 70
+3 14
+27 33
fe=(2)
573 6
fi=(5)
50 1
fi=(4)
+30 2
fi=(6)
326 2
+20 12
+1 6
fe=(2)
575 1
+13 1
cfi=(7)
cfn=(12) __rtld_malloc_init_stubs
calls=1 42 
* 10
+4 2
85 1
488 2
85 3
488 1
cfi=(8)
cfn=(14)
calls=1 25 
* 29
+2 2
-1 1
+1 2
+17 1
-15 1
-2 1
+17 1
-15 1
+9 1
-11 1
+17 1
cfi=(9)
cfn=(16) _dl_sysdep_start
calls=1 85 
* 140649
* 1
+2 2
+98 9
fi=(3)
62 4
+2 4
fe=(2)
573 3

fl=(141)
fn=(456)
67 2
+5 2
+3 2
+2 2
+10 2
+6 2
+1 2
+1 2
+1 2
+1 2
+1 2
+1 2
+4 2
+1 2
+3 2
+1 2
+2 2
+1 2
+1 2
+1 2
+1 2
+1 2
+2 2
+7 2
+1 2
+1 2
cfi=(142)
cfn=(458)
calls=2 -80 
* 1555
+1 2
+5 2
+1 2
+1 2
+2 2
+1 2
+1 2
+1 2
+1 2
+1 2
+1 2
+2 2
+2 2
+4 2
+2 2

fl=(196) ./elf/./elf/dl-fini.c
fn=(748) _dl_fini
31 9
+20 3
-3 7
+3 4
+3 2
cob=(3)
cfi=(197) ./nptl/./nptl/pthread_mutex_lock.c
cfn=(750) pthread_mutex_lock@@GLIBC_2.2.5
calls=1 +23 
* 43
+2 1
+3 2
+2 6
+7 2
-2 1
+2 1
cfi=(49)
cfn=(466)
calls=1 -28 
* 21
+5 14
+5 1
-5 1
+5 3
+2 8
+2 8
+2 8
+1 4
+1 4
+4 4
-12 12
+14 6
+1 4
+6 5
cfi=(12)
cfn=(246)
calls=1 290 
* 300
+9 2
cob=(3)
cfi=(198) ./nptl/./nptl/pthread_mutex_unlock.c
cfn=(752) pthread_mutex_unlock@@GLIBC_2.2.5
calls=1 367 
* 34
+5 6
+2 1
+2 3
-2 3
+2 9
+3 8
+3 12
+4 2
+11 4
+1 1
+1 2
+1 5
+1 2
cob=(5)
cfi=(150)
cfn=(754)
calls=1 0 
* 92
-1 5
+5 3
+1 6
cob=(2)
cfi=(51)
cfn=(780)
calls=1 0 
* 110
cob=(2)
cfi=(51)
cfn=(776)
calls=1 0 
* 4
+6 8
cfi=(49)
cfn=(778) _dl_audit_objclose
calls=4 -57 
* 20
+5 4
-45 12
+49 3
cfi=(49)
cfn=(466)
calls=1 40 
* 21
* 2
-38 9
+3 2
+41 6
+6 2
+7 8
73 2

fl=(64)
fn=(204)
25 3
+1 12
+1 3

fl=(49)
fn=(530)
117 1
+1 4

fn=(154)
28 6
+2 1
-1 1
+1 2
+6 6

fn=(778)
96 4
+1 16

fn=(466)
40 6
+4 3
-4 3
+4 3
-4 3
+4 3
-4 6
+4 3
+1 3
+1 12
+4 18

fn=(206) _dl_audit_objopen
76 2
+1 8

fl=(24)
fn=(84)
42 8
+2 16

fn=(266)
68 2
fi=(207) ./elf/../include/list.h
-24 1
fe=(24)
+24 1
fi=(207)
-25 1
fe=(24)
+26 1
+3 1
fi=(207)
-29 1
+1 1
+1 1
+2 1
fe=(24)
+28 4
+1 2
+1 1
+5 2
+5 1
+6 1
-3 1
+3 1
-6 3
+6 1
+13 3
fi=(76) ./elf/../sysdeps/unix/sysv/linux/rseq-internal.h
-72 1
fe=(24)
+72 1
cfi=(10)
cfn=(24)
calls=1 405 
* 20
fi=(76)
-74 3
+2 6
+3 2
+3 1
fe=(24)
+83 3
+7 2
+2 1
+1 1
+1 3

fn=(66)
53 3
+3 8
+5 1
-5 1
+5 1
+1 1
-6 1
+8 1

fl=(7)
fn=(428) lookup_malloc_symbol
61 8
+3 4
-3 16
+3 4
-3 4
+3 8
-1 4
+1 12
cfi=(79)
cfn=(280)
calls=4 840 
* 2104
+4 28
+1 28
+2 4
fi=(132) ./elf/./dl-sym-post.h
-30 8
+12 12
fe=(7)
+19 20

fn=(12)
42 1
+1 2
+1 2
+1 2
+1 2
+1 1

fn=(424)
76 2
+10 1
fi=(131) ./elf/../sysdeps/generic/dl-hash.h
-41 1
fe=(7)
+31 1
fi=(131)
-32 1
fe=(7)
+32 5
+11 1
-1 1
fi=(131)
-43 1
+5 3
+14 4
-17 3
+3 15
+14 20
-17 15
fe=(7)
+46 2
fi=(131)
-24 1
fe=(7)
+22 1
+2 2
fi=(131)
-19 1
fe=(7)
+19 1
cfn=(428)
calls=1 -30 
* 575
+1 3
-1 1
+1 1
cfn=(428)
calls=1 -31 
* 575
+1 3
-1 1
+1 1
cfn=(428)
calls=1 -32 
* 561
+1 3
-1 1
+1 1
cfn=(428)
calls=1 -33 
* 553
+5 1
+1 1
+1 1
+1 1
+1 7

fn=(136) strsep
239 2
+3 4
+2 2
+1 4
+4 33
+7 84
-2 56
+13 1
+4 4
-22 14
+15 14
-15 30

fl=(71) ./io/../sysdeps/unix/sysv/linux/pread64_nocancel.c
fn=(232) __pread64_nocancel
25 8
+1 16
+1 4

fl=(36) ./posix/../sysdeps/unix/syscall-template.S
fn=(102) uname
120 5
+2 1

fl=(32)
fn=(90)
108 183
+33 183
+1 183
+2 183
+1 183
+21 183
+1 183
+1 157
+1 157
+1 140
+1 140
+1 140
+1 140
+21 140
+1 140
+1 140
+1 140
+1 140
+1 140
+1 140
+5 5
+1 15
+9 5
+1 5
+1 5
+1 5
+1 5
+1 5
+1 5
+1 5
-7 43
+1 43
+1 43
+1 43
+1 43
+1 43
+1 43
+1 43
+1 44
+1 29
+1 29
+1 29
+2 29
+1 29
+1 29
+1 29
+1 29
+1 29
-5 15
+1 15
+1 15
+1 15
+1 15
+1 15
+10 4
+1 4
+1 4
+2 4
+6 4
+1 4
+1 4
+1 4
+1 4
+5 4
+2 3
+1 3
+1 6
+8 3
+1 3
+3 3
+1 3
+1 3
+1 3
+1 3
+1 3
943 3
+1 3
+1 3
+1 3
+1 3
+2 3
+1 3
+1 3
+1 3
+1 3
+1 3
+1 3
+1 2
+4 2
+1 2
+1 2
+6 2
+1 2
+1 4
+4 2
+1 2
+3 2
+1 2
+1 2
+3 2
+1 2
+1 2
+6 2
+1 2
+1 2
+1 2
+1 2
+1 2
+72 5
+1 5
+1 5
+1 5
+1 5
+2 5
+1 5
+1 5
+1 5
+1 5
+1 5
+1 5
+1 1
+4 1
+1 1
+1 1
+6 1
+1 1
+1 2
+4 1
+1 1
+3 1
+1 1
+1 1
+3 1
+1 1
+1 1
+6 1
+1 1
+1 1
+1 1
+1 1
+1 1
+7 1
+1 1
+2 1
+1 1
+2 1
+1 1
+1 1
+3 1
+1 1
+1 1
+6 1
+1 1
+1 1
+1 1
+1 1
+1 1
+41 3
+1 3
+1 3
+1 3
+1 3
+2 3
+1 3
+1 3
+1 3
+1 3
+1 3
+1 3
+1 1
+4 1
+1 1
+1 1
+6 1
+1 1
+1 2
+4 1
+1 1
+3 1
+1 1
+1 1
+3 1
+1 1
+1 1
+6 1
+1 1
+1 1
+1 1
+1 1
+1 1
+72 2
+1 2
+1 2
+1 2
+1 2
+2 2
+1 2
+1 2
+1 2
+1 2
+1 2
+1 2
+1 2
+4 2
+1 2
+1 2
+6 2
+1 2
+1 4
+4 2
+1 2
+3 2
+1 2
+1 2
+3 2
+1 2
+1 2
+6 2
+1 2
+1 2
+1 2
+1 2
+1 2
+72 2
+1 2
+1 2
+1 2
+1 2
+2 2
+1 2
+1 2
+1 2
+1 2
+1 2
+1 2
+1 2
+4 2
+1 2
+1 2
+6 2
+1 2
+1 4
+4 2
+1 2
+3 2
+1 2
+1 2
+3 2
+1 2
+1 2
+6 2
+1 2
+1 2
+1 2
+1 2
+1 2
+72 4
+1 4
+1 4
+1 4
+1 4
+2 4
+1 4
+1 4
+1 4
+1 4
+1 4
+1 4
+1 2
+4 2
+1 2
+1 2
+6 2
+1 2
+1 4
+4 2
+1 2
+3 2
+1 2
+1 2
+3 2
+1 2
+1 2
+6 2
+1 2
+1 2
+1 2
+1 2
+1 2
+72 3
+1 3
+1 3
+1 3
+1 3
+2 3
+1 3
+1 3
+1 3
+1 3
+1 3
+1 3
+1 2
+4 2
+1 2
+1 2
+6 2
+1 2
+1 4
+4 2
+1 2
+3 2
+1 2
+1 2
+3 2
+1 2
+1 2
+6 2
+1 2
+1 2
+1 2
+1 2
+1 2
+72 1
+1 1
+1 1
+1 1
+1 1
+2 1
+1 1
+1 1
+1 1
+1 1
+1 1
+1 1
1943 3
+1 3
+1 3
+1 3
+1 3
+2 3
+1 3
+1 3
+1 3
+1 3
+1 3
+1 3
+1 2
+4 2
+1 2
+1 2
+6 2
+1 2
+1 4
+4 2
+1 2
+3 2
+1 2
+1 2
+3 2
+1 2
+1 2
+6 2
+1 2
+1 2
+1 2
+1 2
+1 2
+72 18
+1 18
+1 18
+1 18
+1 18
+2 18
+1 18
+1 18
+1 18
+1 18
+1 18
+1 18
+2 6
+4 6
+1 6
+1 6
+6 6
+1 6
+2 12
+4 6
+1 6
+3 6
+1 6
+1 6
+3 6
+1 6
+1 6
+6 6
+1 6
+1 6
+1 6
+1 6
+1 6
+74 23
+2 23
+1 23
+1 23
+1 23
-3 25
+1 25
+1 25
+1 25
+1 58
+5 29
+6 29
+1 29
+8 29
+1 29
-16 154
+6 154
+1 154
+8 154
+1 154

fl=(72) ./misc/../sysdeps/unix/syscall-template.S
fn=(236) mprotect
117 25
+5 5

fn=(470) munmap
117 5
+5 1

fl=(47)
fn=(148)
197 1
+2 2
+1 1
+15 2

fn=(412)
1015 8
+6 1
+3 1
+1 1
+4 3
+34 2
+3 3
+1 3
+3 6

fn=(262)
221 8
+6 3
+3 2
+36 3
+2 1
-2 1
-2 1
-40 1
-1 1
-1 1
+46 2
+23 3
+3 1
-3 4
+2 2
-2 1
-25 1
+20 1
-20 5
+2 2
+3 1
-1 1
+5 2
-5 1
+1 1
-1 1
+3 2
+2 3
+32 3
-1 1
+1 4
+2 2
-2 2
+53 8

fn=(238) _dl_assign_tls_modid
131 2
+3 1
+13 1
-13 1
+52 1
+2 1
+3 1
+1 2

fn=(260)
97 2
+4 1
-4 2
+4 1
-4 2
+4 3
cfi=(10)
cfn=(24)
calls=1 405 
* 21
* 1
+1 4
cfi=(10)
cfn=(24)
calls=1 405 
* 21
* 1
+8 1
-8 1
+6 2
+2 3
+3 1
+2 1
-32 3
+34 3
+1 5

fn=(414)
528 10
+1 2
+4 1
+6 1
-6 1
+6 1
cfi=(24)
cfn=(84)
calls=1 42 
* 3
+3 3
+12 1
-18 1
-1 1
+43 3
-19 13
+9 3
+1 2
+6 3
+1 1
+2 2
-2 1
+6 1
-4 2
+4 1
-4 2
+3 2
+4 2
+1 4
+2 2
+1 2
+17 1
-8 1
+8 1
+2 3
cfi=(29)
cfn=(128)
calls=1 199 
* 13
* 5
cfi=(44) ./string/../sysdeps/x86_64/multiarch/memset-vec-unaligned-erms.S
cfn=(132) memset
calls=1 125 
* 25
-49 1
+55 1
-55 4
+6 4
+55 2
cfi=(24)
cfn=(84)
calls=1 42 
* 3
+3 2
+3 9

fn=(264)
422 2
+13 1
-13 2
+2 1
+12 1
fi=(28)
56 1
cfi=(27)
cfn=(76)
calls=1 -21 
* 53
fe=(47)
437 3
+8 2
fi=(28)
44 1
fe=(47)
445 2
+1 1
+4 321
+19 1
-99 1
+4 1
+1 1
fi=(28)
44 1
cfi=(27)
cfn=(72)
calls=1 +34 
* 36
fe=(47)
376 2
+3 1
+6 2
+90 5

fl=(31)
fn=(172)
2022 30
+8 6
+1 12
+3 42
+5 49
+2 21
cfi=(54)
cfn=(174)
calls=7 68 
* 815
* 14
+4 12
+1 18
+4 2
-1 10
+1 2
+1 2
-1 2
+1 2
cfi=(32)
cfn=(90)
calls=2 108 
* 91
* 4
2329 27
2068 2
+1 2
-1 2
+1 2
-1 2
+1 2
-1 4
-44 2
+53 6
+17 4
-2 2
+2 2
cfi=(42) ./string/../sysdeps/x86_64/multiarch/../strchr.S
cfn=(118) index
calls=2 23 
* 48
* 4
2260 2
-1 3
cfn=(138) expand_dynamic_string_token
calls=1 385 
* 168
+2 1
-3 1
+1 1
+2 2
+4 5
cfn=(176) open_verify.constprop.1
calls=1 1568 
* 283
+3 2
-3 1
+3 1
+12 4
+46 1
+1 3
-1 1
+1 9
cfn=(184) _dl_map_object_from_fd
calls=1 944 
* 1819
-1 1
+1 3
-1 1
+1 9
cfn=(184)
calls=1 944 
* 2221
* 6
2098 2
cfi=(22)
cfn=(60)
calls=1 41 
* 17
* 2
+2 2
+7 4
+51 11
cfn=(216) open_path
calls=1 1870 
* 1656
+6 1
-6 1
+6 4
682 1
2165 1
682 2
2252 2
+28 4
+2 4
2111 1
696 3
2111 1
+1 1
696 2
2116 3
682 1
2117 1
682 2
2173 1
+14 2
+2 3
+4 2
cfi=(68)
cfn=(222) _dl_load_cache_lookup
calls=1 416 
* 1281
* 1
+2 2
+4 2
+8 3
+23 6
cfn=(218) open_verify.constprop.0
calls=1 1568 
* 396
+4 2
-4 1
+4 1
+1 2
2131 5
+1 10
682 1
2133 1
682 2
2157 3
+1 2
-16 2

fn=(138)
385 14
241 2
385 2
241 2
385 2
241 2
cfi=(42)
cfn=(118)
calls=2 23 
* 72
+3 4
410 2
-11 2
+11 12
-11 2
cfi=(45)
cfn=(140)
calls=2 40 
* 168

fn=(134) fillin_rpath.isra.0
468 7
+4 1
-4 8
+6 3
cfi=(7)
cfn=(136)
calls=1 239 
* 240
* 3
cfi=(7)
cfn=(136)
calls=1 239 
* 8
* 6
+7 2
+2 3
cfn=(138)
calls=1 -98 
* 118
* 1
+4 2
+5 2
cfi=(22)
cfn=(60)
calls=1 41 
* 17
* 1
+1 2
+7 5
+9 15
+1 8
+55 2
fi=(28)
50 2
cfi=(27)
cfn=(144)
calls=1 +45 
* 5
+1 1
fe=(31)
528 2
+4 3
fi=(28)
56 1
cfi=(27)
cfn=(76)
calls=1 -21 
* 25
* 1
fe=(31)
534 2
+5 1
+1 2
-1 1
-1 1
+2 1
cfi=(29)
cfn=(128)
calls=1 199 
* 13
+3 1
-3 1
+1 1
+2 1
+6 1
+1 1
-1 3
+1 11
+1 1
-1 1
+1 2
-1 2
+1 1
-1 1
+1 2
-1 6
+1 1
-1 1
+1 1
-1 3
+1 1
-1 2
+3 1
+1 1
-1 1
+1 2
+1 1
+6 2
+1 2
-57 4
+66 1
+3 8
-46 4

fn=(88)
868 3
+8 3
-8 3
+8 3
-6 3
+12 6
-13 3
+13 3
-13 3
+13 6
+3 9
+1 6
+1 6
+43 3

fn=(176)
1568 11
+39 3
+19 4
cfi=(55)
cfn=(178)
calls=1 28 
* 19
* 1
+2 2
+11 1
+6 2
-5 1
+5 8
cfi=(56)
cfn=(180)
calls=1 25 
* 6
+2 2
+2 2
+2 2
+6 2
+17 11
fi=(28)
50 2
cfi=(27)
cfn=(144)
calls=1 +45 
* 5
fe=(31)
1856 9
1674 3
+74 2
+5 2
+2 4
+6 2
+6 1
+1 1
-1 3
+1 1
-1 1
+1 2
+1 2
+20 3
+31 1
-31 1
1633 1
1820 2
-31 66
+1 28
+1 8
+4 8
+25 12
+3 18
+3 2
-4 2
+4 4
+6 4
-36 6

fn=(184)
944 20
+10 2
-10 8
+10 2
cfi=(46)
cfn=(186)
calls=2 38 
* 14
* 2
+7 8
+85 8
+10 4
+7 14
cfi=(26)
cfn=(70)
calls=2 59 
* 766
* 2
+1 4
+11 4
+5 2
-5 2
+1 4
+1 2
+2 2
-2 2
+2 4
+1 6
+1 2
+19 2
-2 1
+2 12
-2 1
+2 30
+10 8
+85 2
-58 2
-34 2
-1 2
+93 2
+6 2
-64 4
+9 2
+55 4
-55 2
-42 2
+97 4
1101 2
-5 4
+15 60
+20 2
+1 1
-22 69
+1 127
1213 4
1110 2
1213 4
1110 6
1218 6
+10 4
+1 2
-1 2
+1 2
-1 6
+1 6
-1 6
+1 6
-1 18
1076 4
1235 4
+10 8
+7 4
fi=(61) ./elf/./dl-map-segments.h
96 2
fe=(31)
1252 6
fi=(61)
28 2
fe=(31)
1252 2
fi=(61)
96 2
fe=(31)
1252 2
fi=(61)
28 4
+1 16
cfi=(60)
cfn=(194)
calls=2 +18 
* 18
+74 4
-1 2
-73 2
+74 2
+3 4
+1 2
+2 2
-3 2
+1 2
+2 2
+7 8
+3 4
cfi=(72)
cfn=(236)
calls=1 -2 
* 6
* 3
+7 2
+2 2
fi=(62) ./elf/./dl-load.h
-37 16
+1 6
+2 16
fi=(61)
+56 32
+8 2
-2 2
+1 2
+2 2
-1 2
+1 2
-1 6
+8 4
+3 4
+8 14
cfi=(44)
cfn=(132)
calls=2 -52 
* 237
+1 4
+5 4
+12 8
-59 40
+2 12
+3 6
-3 12
+2 48
cfi=(60)
cfn=(194)
calls=6 -93 
* 54
* 18
fi=(57) ./elf/../sysdeps/posix/dl-fileid.h
37 6
cfi=(58)
cfn=(190)
calls=2 -8 
* 30
* 4
fe=(31)
999 4
fi=(57)
40 6
fe=(31)
999 2
fi=(57)
40 2
fe=(31)
999 23
+1 10
fi=(57)
49 12
fe=(31)
1515 18
1018 4
+66 13
+1 2
-1 1
+1 1
-1 1
+1 1
cfi=(71)
cfn=(232)
calls=1 25 
* 7
* 2
+26 26
+26 48
+10 8
-1 8
-1 8
+2 8
+2 8
-2 8
-1 48
+2 16
+1 8
+2 8
-3 8
+3 48
+2 16
+4 16
+1 30
+4 6
+1 6
-1 6
+1 42
-18 6
+28 6
-11 2
+1 2
-1 2
+1 14
-18 2
+28 2
-56 4
+7 2
+2 2
-2 2
+1 2
+1 2
-1 4
+1 16
+50 3
+5 1
-1 2
+5 1
-5 2
-56 1
+61 4
+1 1
+3 1
-3 1
+8 4
+15 4
+1 2
+58 8
+1 6
fi=(63) ./elf/./elf/get-dynamic-info.h
39 4
+6 2
-2 2
+2 4
+9 2
+5 2
+3 2
+2 2
-3 2
-3 2
-3 28
+13 8
-23 32
+23 29
-23 116
+4 74
+5 40
+2 10
+3 8
+13 8
+10 7
+1 8
+1 8
+1 8
+2 8
+5 7
+1 7
+1 8
+3 6
+5 2
+7 4
+1 6
+22 6
+5 2
+2 2
+2 2
+2 2
+4 6
+2 3
+1 2
+9 2
+6 2
+4 4
fe=(31)
1275 4
+1 4
+2 4
+10 6
+19 6
+2 10
+52 6
+1 2
+6 16
+1 42
+6 8
cfn=(88)
calls=2 868 
* 40
-7 54
+1 25
+6 25
-6 50
fi=(30)
95 16
213 2
-1 4
105 4
212 2
105 2
-2 2
-3 2
+2 2
+3 2
-4 4
+92 8
-1 2
-87 6
+3 6
+1 4
+1 4
+4 6
+4 6
+3 6
+1 4
+4 2
+1 8
+58 6
+2 8
-56 6
+1 3
+3 6
+3 3
+1 12
+5 6
+2 6
+5 6
+14 3
-1 6
+2 2
-1 4
fe=(31)
1380 4
cfi=(64)
cfn=(204)
calls=2 25 
* 12
* 4
+13 4
+2 8
+2 4
+16 4
cfi=(8)
cfn=(14)
calls=2 25 
* 58
+4 4
+1 4
+17 4
+1 1
+3 1
+5 1
-5 1
+5 1
-5 1
+5 1
-5 1
+5 1
+10 4
+7 12
+10 4
+1 4
+5 2
cfi=(47)
cfn=(238)
calls=1 131 
* 10
+7 6
cfi=(26)
cfn=(82)
calls=2 31 
* 94
+3 8
+23 14
+1 6
cfi=(49)
cfn=(206)
calls=2 76 
* 10
* 2
fi=(62)
95 5
+2 1
-1 2
+1 1
-1 1
+1 1
-1 1
+1 1
-1 2
+3 4
fe=(31)
1506 10
fi=(30)
198 8
+2 2
+1 2
+2 2
-3 6
fe=(31)
1368 6
fi=(63)
62 8
+2 8
fe=(31)
1084 2
fi=(61)
187 8
cfi=(60)
cfn=(194)
calls=1 47 
* 9
+3 2
fe=(31)
1462 6
+2 1
-1 5
+1 1
-1 1
+1 1
-1 1
cfi=(32)
cfn=(90)
calls=1 108 
* 25
* 2
+2 5
1275 2
fi=(57)
49 3
fi=(30)
170 3
-39 2
fe=(31)

fn=(106)
706 11
+14 1
-14 2
+14 2
cfi=(38) ./elf/./elf/dl-hwcaps.c
cfn=(108) _dl_important_hwcaps
calls=1 175 
* 1847
fi=(28)
56 1
fe=(31)
720 1
fi=(28)
56 1
cfi=(27)
cfn=(76)
calls=1 -21 
* 25
fe=(31)
725 1
+2 2
+7 2
+1 2
-1 3
+5 3
fi=(28)
56 1
cfi=(27)
cfn=(76)
calls=1 -21 
* 25
fe=(31)
739 1
+2 4
+17 1
-10 1
+19 1
-11 1
-9 1
+9 1
+12 2
-10 1
+3 2
+9 1
-7 1
+4 1
+3 2
-3 1
-8 1
+3 1
+8 1
-3 1
+1 16
cfi=(44)
cfn=(132)
calls=4 125 
* 72
+2 18
-14 3
+10 3
+4 3
-12 3
-2 3
+2 3
+4 3
-3 3
+3 3
+1 3
-2 3
+5 6
+1 3
-4 3
+4 3
+15 1
+3 1
-15 1
+7 1
-1 1
+9 2
+2 4
+2 3
+36 5
+2 2
cfi=(22)
cfn=(60)
calls=1 41 
* 17
* 9
-19 1
-2 1
+2 2
+19 9
cfi=(29)
cfn=(80)
calls=1 212 
* 11
* 1
+5 4
-1 2
+2 1
+1 2
-2 4
+1 13
+1 26
-2 52
+5 1
fi=(28)
56 1
cfi=(27)
cfn=(76)
calls=1 -21 
* 25
fe=(31)
836 1
fi=(28)
56 1
fe=(31)
838 2
+6 6
cfn=(134)
calls=1 468 
* 587
+3 3
+6 1
+4 8
-35 2
+5 2

fn=(216)
1870 8
+1 1
-1 6
+1 1
+6 2
+5 16
-7 2
+7 1
-8 1
+8 2
+3 2
+9 6
+7 3
+1 1
-1 1
cfi=(29)
cfn=(128)
calls=1 199 
* 13
-12 1
+12 1
+59 5
-58 4
+3 20
+5 80
cfi=(29)
cfn=(128)
calls=10 199 
* 134
* 40
cfi=(29)
cfn=(128)
calls=10 199 
* 130
+3 20
+6 30
+3 60
cfn=(218)
calls=10 1568 
* 540
* 10
+2 30
+2 20
+65 8
+7 2
-2 2
+2 2
+3 3
-13 1
+27 9
1902 58
+29 20
+1 70
+6 20
+2 10
-2 10
+2 20
cfi=(67)
cfn=(220)
calls=10 28 
* 158
* 10
+3 10
-3 20
+1 1
+2 2
-2 1
+2 26
-61 2

fn=(218)
1568 121
+39 33
+19 44
cfi=(55)
cfn=(178)
calls=11 28 
* 239
* 11
+2 22
+11 1
+6 2
-5 1
+5 8
cfi=(56)
cfn=(180)
calls=1 25 
* 6
+2 2
+2 2
+2 2
+6 2
+17 11
fi=(28)
50 2
cfi=(27)
cfn=(144)
calls=1 +45 
* 5
fe=(31)
1856 99
1674 3
+74 2
+5 2
+2 4
+6 2
+6 1
+1 1
-1 3
+1 1
-1 1
+1 2
+21 3
+31 1
-31 1
1633 1
1820 2
-31 48
+1 24
+1 8
+4 8
+6 4
+1 28
+10 12
cfi=(71)
cfn=(232)
calls=2 25 
* 14
* 16
+8 18
+15 2
+6 1
-3 1
+1 1
+1 1
+1 2
-3 1
+1 1
+1 1
+2 1
-3 3
-1 1
+4 2
-19 18
+3 2
-4 2
+4 4
+5 1
+1 4
-60 13
+1 3
-1 1
+1 3
cfi=(71)
cfn=(232)
calls=1 25 
* 7
* 3
+16 5
1612 20
+62 3
1802 4
-30 2

fn=(212) _dl_dst_count
238 4
+3 2
-3 4
+7 2
-7 4
+3 2
cfi=(42)
cfn=(118)
calls=2 23 
* 72
+3 4
+20 14

fl=(43) ./string/../sysdeps/x86_64/memcmp.S
fn=(124) bcmp
22 1
+5 1
+1 1
+1 1
+1 1
+1 1
+1 1
+1 1
+1 1
+3 1
+1 1
+1 1
+1 1
+1 1
+1 1
+1 1
+1 1
+1 1
+2 1
+1 1
+17 1
+1 1
+17 1
+1 1
+1 1
+1 1
+1 1
+4 1
+47 1
+1 1
+1 1
+1 1
+1 1
+1 1
+1 1
+1 1
+1 1
+1 1
+1 1
+1 1
+1 1

fl=(53) ./setjmp/../sysdeps/x86_64/setjmp.S
fn=(168) __sigsetjmp
30 3
+2 3
+9 3
+1 6
+1 3
+4 3
+1 3
+1 3
+1 3
+1 3
+2 6
+2 3
+1 3
+1 3
+2 6
+2 3
+8 3
+3 3
+1 3
+7 3
+1 3

fl=(9)
fn=(16)
85 4
+25 1
-25 6
+25 1
-1 1
+1 129
+11 1
-8 1
+1 1
-4 1
+3 1
+6 1
+2 13
-34 1
-1 1
+36 113
+3 1
+1 1
-5 85
+57 1
-57 1
+58 1
-1 1
-57 3
+29 1
-29 1
+30 1
-1 1
-29 3
+41 1
-41 1
+42 1
-1 1
-41 3
+35 1
-35 1
+36 1
-1 1
-35 3
+32 1
-32 1
+33 1
-1 1
-32 4
+13 1
-13 1
+14 1
-1 1
-13 3
+10 1
-10 1
+11 1
-1 1
-10 3
+7 1
-7 4
224 1
cfi=(10)
cfn=(18)
calls=1 +58 
* 20280
+3 1
cfi=(12)
cfn=(22)
calls=1 +54 
* 32
fi=(13)
36 2
cfi=(14) ./elf/../sysdeps/unix/sysv/linux/brk.c
cfn=(28) brk
calls=1 -1 
* 8
fi=(6)
215 1
cfi=(15)
cfn=(32)
calls=1 37 
* 7224
fe=(9)
+23 3
+1 1
cfi=(22)
cfn=(60)
calls=1 41 
* 17
* 1
+2 2
cfi=(23)
cfn=(62)
calls=1 37 
* 15
* 3
+12 3
+3 5
cfi=(2)
cfn=(64)
calls=1 1320 
* 112623
+2 9

fn=(464)
262 1
+1 1

fl=(78)
fn=(272)
194 8
+14 4
-14 36
+16 4
-16 8
+14 4
+2 8
+3 4
-1 4
+1 8
+19 8
+6 20
-34 6
+38 6
+7 12
fi=(6)
71 10
+6 4
+4 3
+14 1
-8 1
+8 2
+20 2
+4 5
-2 2
fe=(78)
288 160
-83 1
fi=(6)
474 4
fe=(78)
205 2
+83 2
fi=(5)
49 1
fe=(78)
288 1
fi=(5)
60 1
-11 2
+11 2
fe=(78)
288 3
-83 3
fi=(6)
474 12
fe=(78)
205 6
+83 6
fi=(5)
49 3
fe=(78)
288 3
fi=(5)
60 3
-11 6
+11 6
fe=(78)
288 8
fi=(5)
49 4
fe=(78)
288 4
fi=(5)
60 4
-11 8
+11 8
-7 1
-1 1
+11 8
fi=(6)
545 28
+4 28
+3 42
+1 14
fi=(5)
63 42
+2 216
+2 120
-4 120
+13 6
+1 8
+1 80
fi=(6)
545 40
+34 80
+2 40
cob=(3)
cfi=(128) ./string/../sysdeps/x86_64/multiarch/rawmemchr.c
cfn=(408) rawmemchr
calls=1 31 
* 23
cob=(3)
cfi=(127) ./string/../sysdeps/x86_64/multiarch/strncase.c
cfn=(406) strncasecmp
calls=1 31 
* 7
cob=(3)
cfi=(126) ./string/../sysdeps/x86_64/multiarch/mempcpy.c
cfn=(402) mempcpy
calls=1 33 
* 22
cob=(3)
cfi=(125) ./string/../sysdeps/x86_64/multiarch/strspn.c
cfn=(400) strspn
calls=1 29 
* 7
cob=(3)
cfi=(123) ./string/../sysdeps/x86_64/multiarch/memchr.c
cfn=(396) memchr
calls=1 29 
* 23
cob=(3)
cfi=(122) ./string/../sysdeps/x86_64/multiarch/stpcpy.c
cfn=(392) stpcpy
calls=1 33 
* 17
cob=(3)
cfi=(120) ./wcsmbs/../sysdeps/x86_64/multiarch/wmemcmp.c
cfn=(388) wmemcmp
calls=1 29 
* 22
cob=(3)
cfi=(119) ./string/../sysdeps/x86_64/multiarch/strncpy.c
cfn=(384) strncpy
calls=1 29 
* 17
cob=(3)
cfi=(118) ./string/../sysdeps/x86_64/multiarch/strlen.c
cfn=(380) strlen
calls=1 29 
* 21
cob=(3)
cfi=(117) ./string/../sysdeps/x86_64/multiarch/strcasecmp_l.c
cfn=(378) strcasecmp_l
calls=1 31 
* 7
cob=(3)
cfi=(116) ./string/../sysdeps/x86_64/multiarch/strcpy.c
cfn=(374) strcpy
calls=1 29 
* 17
cob=(3)
cfi=(115) ./string/../sysdeps/x86_64/multiarch/strchrnul.c
cfn=(370) strchrnul
calls=1 31 
* 21
cob=(3)
cfi=(114) ./string/../sysdeps/x86_64/multiarch/memrchr.c
cfn=(366) memrchr
calls=1 29 
* 21
cob=(3)
cfi=(112) ./wcsmbs/../sysdeps/x86_64/multiarch/wmemset.c
cfn=(362) wmemset
calls=2 31 
* 38
cob=(3)
cfi=(110) ./string/../sysdeps/x86_64/multiarch/memcmp.c
cfn=(358) bcmp
calls=1 29 
* 22
cob=(3)
cfi=(109) ./string/../sysdeps/x86_64/multiarch/strncase_l.c
cfn=(356) strncasecmp_l
calls=1 31 
* 7
cob=(3)
cfi=(108) ./string/../sysdeps/x86_64/multiarch/strcat.c
cfn=(352) strcat
calls=1 29 
* 17
cob=(3)
cfi=(107) ./wcsmbs/../sysdeps/x86_64/multiarch/wcscpy.c
cfn=(350) wcscpy
calls=1 43 
* 7
cob=(3)
cfi=(106) ./string/../sysdeps/x86_64/multiarch/strcspn.c
cfn=(348) strcspn
calls=1 29 
* 7
cob=(3)
cfi=(105) ./string/../sysdeps/x86_64/multiarch/strcasecmp.c
cfn=(346) strcasecmp
calls=1 31 
* 7
cob=(3)
cfi=(104) ./string/../sysdeps/x86_64/multiarch/strncmp.c
cfn=(344) strncmp
calls=1 66 
* 17
cob=(3)
cfi=(102) ./wcsmbs/../sysdeps/x86_64/multiarch/wmemchr.c
cfn=(340) wmemchr
calls=2 31 
* 46
cob=(3)
cfi=(100) ./string/../sysdeps/x86_64/multiarch/stpncpy.c
cfn=(336) stpncpy
calls=1 31 
* 17
cob=(3)
cfi=(99) ./wcsmbs/../sysdeps/x86_64/multiarch/wcscmp.c
cfn=(332) wcscmp
calls=1 30 
* 21
cob=(3)
cfi=(98) ./string/../sysdeps/x86_64/multiarch/memmove.c
cfn=(328) memmove
calls=2 29 
* 44
cob=(3)
cfi=(97) ./string/../sysdeps/x86_64/multiarch/strrchr.c
cfn=(324) rindex
calls=1 28 
* 21
cob=(3)
cfi=(96) ./string/../sysdeps/x86_64/multiarch/strchr.c
cfn=(322) index
calls=1 61 
* 19
cob=(3)
cfi=(94) ./wcsmbs/../sysdeps/x86_64/multiarch/wcschr.c
cfn=(318) wcschr
calls=2 31 
* 42
cob=(3)
cfi=(92) ./string/../sysdeps/x86_64/multiarch/memcpy.c
cfn=(314) memcpy@@GLIBC_2.14
calls=1 29 
* 22
cob=(3)
cfi=(91) ./wcsmbs/../sysdeps/x86_64/multiarch/wcslen.c
cfn=(310) wcslen
calls=1 29 
* 19
cob=(3)
cfi=(89) ./string/../sysdeps/x86_64/multiarch/memset.c
cfn=(306) memset
calls=1 29 
* 24
cob=(3)
cfi=(87) ./wcsmbs/../sysdeps/x86_64/multiarch/wcsnlen.c
cfn=(302) wcsnlen
calls=1 29 
* 19
cob=(3)
cfi=(86) ./string/../sysdeps/x86_64/multiarch/strcmp.c
cfn=(300) strcmp
calls=1 65 
* 17
cob=(3)
cfi=(85) ./string/../sysdeps/x86_64/multiarch/strpbrk.c
cfn=(298) strpbrk
calls=1 29 
* 7
cob=(3)
cfi=(83) ./string/../sysdeps/x86_64/multiarch/strnlen.c
cfn=(294) strnlen
calls=2 31 
* 42
-36 40
+37 40
fi=(5)
77 121
fe=(78)
288 32
+3 24
+24 4
+3 8
+17 12
+2 32
-98 8
+3 2
+7 4
-9 2
fi=(5)
86 14
+2 14
+12 7
-14 28
+14 14
+10 10
+3 13
+1 3
fi=(6)
529 3
fi=(5)
114 3
fi=(6)
529 6
fi=(5)
114 1198
fi=(6)
529 1198
fi=(5)
114 1198
fi=(6)
529 2396
+5 2402
+1 1201
fi=(5)
113 1201
fi=(6)
535 1201
-5 1201
fi=(5)
113 2402
+7 28
+4 20
+2 10
-73 3
fi=(6)
484 3
fi=(5)
52 3
fi=(6)
484 6
fi=(5)
128 6
+1 3
+1 3
-2 3
+2 3
+3 3
-5 3
+2 3
-2 3
+1 6
+2 3
-2 3
+2 9
+2 6
-5 220
+1 110
+1 110
-2 110
+2 110
+3 110
-5 110
+2 110
-2 110
+1 220
+2 110
-2 110
+2 330
+2 220
+9 111
fi=(6)
262 222
+21 222
+4 222
+7 444
fi=(4)
138 285
fi=(6)
294 3658
cfi=(79)
cfn=(280)
calls=92 840 
* 52206
* 828
+2 285
+30 656
450 279
fi=(5)
145 313
-19 339
+32 15
+1 6
fi=(6)
294 2
+22 2
-22 4
fi=(5)
160 6
+3 2
+4 2
-4 2
+4 4
-2 2
-2 2
+2 2
+1 2
-1 4
fi=(6)
294 8
508 2
-1 4
+1 4
+1 2
cfi=(15)
cfn=(436)
calls=1 71 
* 6
cob=(3)
cfi=(81) ./string/../sysdeps/x86/cacheinfo.c
cfn=(290) __x86_cacheinfo
calls=1 86 
* 28
+1 2
fi=(5)
159 2
fi=(6)
510 2
fi=(5)
159 8
-14 3
+1 51
fi=(6)
490 3
+5 2
-1 3
+1 2
-1 1
cfi=(29)
cfn=(80)
calls=1 212 
* 11
+2 4
+1 1
-75 51
+4 68
+5 17
+9 17
-9 34
+9 17
fi=(5)
145 66
fi=(6)
296 156
+3 108
-3 108
+3 216
+2 25
+3 10
+1 15
+11 10
+7 5
cob=(3)
cfi=(92)
cfn=(314)
calls=1 29 
* 22
cob=(3)
cfi=(86)
cfn=(300)
calls=1 65 
* 17
cob=(3)
cfi=(89)
cfn=(306)
calls=1 29 
* 24
cob=(3)
cfi=(118)
cfn=(380)
calls=1 29 
* 21
cob=(3)
cfi=(116)
cfn=(374)
calls=1 29 
* 17
* 15
+3 10
fi=(5)
135 10
+3 2
fi=(6)
296 92
+3 92
-3 200
+3 4
fi=(5)
50 8
fe=(78)
308 14
fi=(6)
-14 29
fe=(78)
+49 20
+3 4
-3 4
+3 4
+4 8
+1 16
cfi=(72)
cfn=(236)
calls=4 117 
* 24
* 8
-63 6
fi=(5)
53 2
175 7
+2 2
+1 2
-1 1
+3 1
-3 4
+3 2
-3 10
+1 10
-1 5
+3 5
-3 20
+3 10
+8 6
fi=(6)
+74 12
+21 12
+4 12
+7 24
fi=(4)
138 18
fi=(6)
294 204
cfi=(79)
cfn=(280)
calls=6 840 
* 3251
* 54
+2 18
+30 36
450 12
fi=(5)
191 18
-16 18
+30 4
fi=(6)
+91 2
+3 2
-3 2
+3 4
-3 2
+3 2
-3 4
fe=(78)

fl=(144)
fn=(474)
77 12
+1 1
+1 1
+3 3
+8 2
+25 1
+1 5
+1 2
-86 4
+86 6
-86 12
+2 20
cfn=(476) call_init.part.0
calls=3 -7 
* 193
+83 12
+7 8
-92 4
+2 6
cfn=(476)
calls=1 -7 
* 61
+52 2

fn=(476)
26 32
+13 4
-13 4
+16 4
-3 8
+3 8
+5 6
+8 9
+1 6
cob=(2)
cfi=(51)
cfn=(478)
calls=1 -56 
* 26
+3 3
+1 6
+6 2
+2 2
-2 1
+3 7
+1 4
cob=(3)
cfi=(149) ./libio/./libio/vtables.c
cfn=(504) check_stdfiles_vtables
calls=1 +13 
* 12
* 4
cob=(3)
cfi=(146) ./csu/./csu/init-first.c
cfn=(496) _init_first
calls=1 -24 
* 74
-1 6
+3 24
-29 2

fl=(41) ./elf/./elf/dl-hwcaps_split.c
fn=(116) _dl_hwcaps_split_masked
51 55
-25 42
+4 24
+4 48
+1 12
-1 24
+2 24
+5 27
cfi=(42)
cfn=(118)
calls=9 -18 
* 216
+1 18
+3 6
+11 12
+1 12
+1 6
-1 6
+1 6
-2 6
+1 6
+1 3
-1 3
+1 27
cfn=(120) _dl_hwcaps_contains
calls=6 +8 
* 30
* 12
-3 5
+7 44
-19 6
cfi=(22)
cfn=(60)
calls=3 -2 
* 51
* 3

fn=(122) _dl_hwcaps_split
25 4
+1 3
+21 1
-20 1
+20 3

fn=(120)
66 6
+1 12
+1 6
+9 6

fl=(129)
fn=(416)
561 4
+3 1
+2 2
+13 1
cfn=(420) _dlfo_process_initial
calls=1 474 
* 79
+1 1
-1 1
+1 1
fi=(28)
56 1
cfi=(27)
cfn=(76)
calls=1 -21 
* 25
fe=(129)
580 1
fi=(28)
56 1
fe=(129)
582 2
+3 2
+5 1
+1 1
cfn=(420)
calls=1 474 
* 280
+3 3
+10 4
-37 2
cfi=(130) ./elf/./dl-find_object.h
cfn=(418) _dl_find_object_from_map
calls=1 95 
* 68
* 1
+29 2
cfn=(422) _dlfo_sort_mappings
calls=1 -60 
* 80
+3 6
+2 1

fn=(420)
474 2
+3 2
-3 2
+1 2
+3 4
+26 14
+1 6
+1 8
-1 16
+3 28
+3 24
-7 10
+25 2
+2 8
-18 18
+3 6
-1 6
cfi=(130)
cfn=(418)
calls=3 95 
* 189
+2 12

fn=(422)
536 1
+1 2
+3 4
+4 1
+1 1
-1 1
+1 2
-1 1
+1 1
-1 1
+1 6
+1 19
-1 9
+8 6
+1 4
-1 2
-13 4
+14 6
+1 4
-15 4
+17 1

fl=(55)
fn=(178)
28 13
+3 13
-3 39
+3 78
+8 91
+2 3
-2 30
+2 10

fl=(13)
fn=(100)
46 5
+2 3
+40 2
cfi=(36)
cfn=(102)
calls=1 +32 
* 6
+15 1
-15 2
+20 1
-1 1
+3 12
+4 3
-2 6
+2 11
+3 2
-1 2
+1 6
-3 8
+3 1
-1 1
+1 3
-3 4
+7 3
-1 3
+4 3
-2 3
+2 12
+9 5

fl=(25)
fn=(68)
28 3
+1 3
+3 48
+13 38
-13 76
+2 80
+1 18
+5 2
-3 2
+3 2
+2 2
+7 1

fl=(19) ./elf/../sysdeps/x86/dl-cacheinfo.h
fn=(46) handle_intel.constprop.0
255 24
-5 24
+16 12
-16 72
+13 12
+1 36
-3 24
+11 60
+5 24
+2 12
+1 12
-1 12
+5 48
cfn=(48) intel_check_word.constprop.0
calls=12 123 
* 3876
+2 24
+3 60
cfn=(48)
calls=12 123 
* 1156
+2 24
+3 5
cfn=(48)
calls=1 123 
* 20
+2 2
+3 5
cfn=(48)
calls=1 123 
* 255
+2 2
-35 3
+39 3
+5 96

fn=(48)
123 78
-4 78
+10 104
-10 26
+10 52
+2 52
+71 200
-71 102
+2 63
+2 126
+8 126
+51 102
+22 51
fi=(20) ./elf/../bits/stdlib-bsearch.h
28 51
-1 102
+4 102
+1 51
fe=(19)
+78 102
fi=(20)
-79 76
+1 38
fe=(19)
+78 76
+3 345
fi=(20)
-84 820
+2 512
+1 256
fe=(19)
+78 512
+15 15
246 104
fi=(20)
37 63
-8 151
fe=(19)
155 36
+3 36
-6 54
+3 14
+9 14
+23 19
-32 57
+3 57
+4 50
+2 100
+2 50
+2 36
+4 11
+2 22
+6 14
+3 8
+1 12
-8 4
+2 4
-1 4
-1 4
+2 8
-2 4
+3 12
-2 12
+2 8
-10 24
+1 10
+11 12
-26 4
+9 4
+23 2
-32 6
+3 6
+4 8
+2 16
+2 8
-11 3
+7 6
+2 12

fn=(52) get_common_cache_info.constprop.0
481 1
+17 1
-17 4
+16 1
-16 1
+15 1
-15 3
+18 1
-1 1
+9 2
+3 3
+11 1
-11 1
-5 1
+21 3
+4 2
681 4
+1 5
+4 2
+9 2
-2 1
+2 2
-1 1
+1 3
535 6
+3 8
+7 2
-7 9
+7 6
+3 26
+14 2
+4 1
+3 1
+1 1
-4 2
+3 3
+6 2
-37 6
+15 2
+4 1
+1 1
-1 2
+18 2
-68 6
+74 4
+8 7
+2 2
+4 3
+2 1
+2 5
-4 1
+16 1
-16 3
+21 2
-21 4
+3 1
+1 4
-4 1
+6 4
+3 2
+5 1
+2 2
+1 1
+1 1
-2 2
+1 1
-19 5
+46 2
+1 1
+1 2
+2 2
-1 3
-23 2
+7 1
+2 2
-16 1
+22 1
-6 2
+1 1
+5 1

fl=(39) ./elf/../sysdeps/x86_64/dl-hwcaps-subdirs.c
fn=(110) _dl_hwcaps_subdirs_active
29 1
fi=(18) ./elf/../sysdeps/x86/get-isa-level.h
+2 1
fe=(39)
+7 1
fi=(18)
-7 2
-1 2
fe=(39)
+22 1
fi=(18)
-20 3
+4 1
fe=(39)
+2 1
fi=(18)
-2 2
+3 4
+1 4
+5 1
fe=(39)
-7 1
fi=(18)
+7 3
fe=(39)
-2 1
fi=(18)
+5 2
+1 3
+2 4
+1 2
+1 2
+6 1
fe=(39)
-11 1
fi=(18)
+11 1
-3 2
fe=(39)

fl=(59)
fn=(192)
153 26
-55 26
+70 30
+1 4
-2 18
+1 18

fl=(130)
fn=(418)
95 8
+1 8
+1 4
+6 20
+1 119
+1 82
+2 12
+5 4

fl=(50)
fn=(158)
25 1
+2 1
+7 1
+1 1
+2 1
+1 1
+1 1
+1 1
+1 33
+3 3
+7 1
+1 1
+1 1
+1 1
+2 1
+1 1
+1 1
+1 1
+2 1
+1 1
+1 1
+9 3
+12 1
+2 1
+1 1
+1 1
-4 12
+2 12
+1 12
+1 12
+2 13
+1 13
+1 13
+2 13
+1 13
+1 13
+2 13
+1 13
+1 13
+2 1
+1 1
+1 1
+2 1
+7 1
+4 1

fl=(46)
fn=(152)
116 2
+1 2

fn=(146)
56 1
+3 2
+4 1
-6 1
+4 1
+2 2
+22 2
+5 2
+1 1
+1 1
-1 1
-1 1
+5 2
+4 2
+8 2
-43 2
+32 6

fn=(186)
38 3
+3 3
-1 6
+4 6
+4 3

fl=(66)
fn=(210)
159 5
+1 3
-1 1
+1 1
-1 2
+1 1
-1 3
+1 1
-1 4
+1 12
-8 1
-7 1
+15 1
-14 1
+6 1
+8 1
-15 1
+7 1
-8 1
+1 1
+7 1
-7 1
+31 3
-28 3
-2 1
+31 1
-33 2
+2 2
+30 2
-30 1
-1 4
+7 4
+24 2
-32 1
+60 1
-60 2
+36 1
fi=(74) ./elf/../include/scratch_buffer.h
77 3
fe=(66)
198 1
fi=(74)
78 1
fe=(66)
200 2
+98 1
198 1
+4 1
+7 1
+4 4
-4 3
+4 12
+11 12
-18 2
+18 4
433 12
+2 2
+3 2
-3 4
+3 2
fi=(28)
56 2
cfi=(27)
cfn=(76)
calls=2 -21 
* 50
* 2
fe=(66)
439 4
+6 2
+1 10
cfi=(29)
cfn=(80)
calls=2 212 
* 22
+1 10
cfi=(29)
cfn=(80)
calls=2 212 
* 22
+4 2
-1 2
+5 16
204 9
458 9
-1 4
+1 8
199 3
+27 10
+5 2
+6 2
-5 2
-1 2
+2 4
+4 8
-31 2
+31 2
+1 6
+6 8
cfi=(31)
cfn=(212)
calls=2 -6 
* 108
* 6
+4 4
-2 2
+2 4
cob=(2)
cfi=(51)
cfn=(164)
calls=2 0 
* 6728
+1 4
+9 2
+2 4
+5 10
+6 2
+2 2
-8 4
+3 2
+1 2
+1 2
+1 2
+4 10
+4 6
+1 3
-43 200
+1 96
+44 144
-38 4
fi=(74)
85 3
fe=(66)
464 6
+1 1
+3 4
+11 3
fi=(28)
56 1
cfi=(27)
cfn=(76)
calls=1 -21 
* 25
* 1
fe=(66)
481 2
+5 3
+1 1
-1 2
+4 2
-2 1
+2 1
-2 2
+13 3
+5 3
-16 9
-2 3
+6 3
+7 3
-2 6
-5 1
+7 1
-2 2
+2 2
+5 1
-16 6
+19 2
+52 3
+37 3
+15 1
-11 1
+11 1
-14 2
+20 1
-1 3
+1 3
-1 5
cfi=(12)
cfn=(246)
calls=1 290 
* 260
+5 1
+3 1
-1 1
+2 2
+7 3
+3 3
+3 8
214 25
+3 2
fi=(74)
-86 6
cfi=(73)
cfn=(240)
calls=2 30 
* 40
fe=(66)
+86 4
+4 6
613 2
cfi=(29)
cfn=(80)
calls=1 212 
* 11
* 1
-53 2
160 2
380 6

fn=(214) openaux
61 6
+7 2
-4 4
+1 2
-1 16
cfi=(31)
cfn=(172)
calls=2 2022 
* 6570
* 2
+5 4

fl=(8)
fn=(14)
25 4
+3 4
-3 4
+3 8
+3 12
+1 8
+2 4
-1 4
+3 12
+1 4
+4 4
-3 4
+7 4
-4 4
-3 4
+2 8
+5 4
-5 4
-2 4
+7 4
-5 4
+10 4

fl=(133)
fn=(432)
30 2
+10 3
-10 1
+10 2
-10 1
+7 1
+3 2
cfi=(134)
cfn=(434)
calls=1 +34 
* 175
+4 2
+1 8
+2 3
-2 1
+2 3
cfi=(134)
cfn=(434)
calls=1 +27 
* 198
+4 2
+1 6
+1 2
-1 1
+1 2

fl=(16)
fn=(40) update_active.constprop.0
43 7
+45 1
-41 1
+28 1
-18 1
+31 1
+4 1
-36 1
-1 1
+37 1
-26 1
-11 1
+1 1
+36 2
+1 1
-17 1
-21 1
+25 1
-4 1
-11 1
+28 1
-1 1
-36 1
+18 1
+19 1
-13 1
-4 1
-11 1
+19 1
+11 1
-3 1
-12 1
+14 1
-29 1
+18 1
+9 1
-18 1
+13 1
-13 1
-9 1
+29 2
+3 1
-14 1
-9 1
+9 1
+4 1
+10 1
-17 1
+7 1
+5 1
+5 1
+1 1
-1 1
+1 2
+2 2
+1 4
+3 1
+1 1
-1 1
+1 1
-1 1
+1 1
-1 1
+1 1
+4 2
+4 2
+2 4
+83 3
+12 2
+1 1
+3 3
+4 1
-4 1
+4 1
+67 3
+4 3
fi=(18)
31 1
-3 1
+3 1
-1 2
fe=(16)
296 1
+1 8
-75 3
+1 2
+3 1
-1 1
+9 1
-5 1
+2 1
-2 1
+5 1
fi=(18)
32 3
+4 3
fe=(16)
+83 2
+2 1
+3 2
+10 1
+10 1
-10 1
+10 1
-10 1
+6 1
+4 1
-4 1
-6 1
+6 1
+2 1
-2 1
+2 3
+7 4
fi=(18)
39 3
+1 4
+5 1
-7 1
+7 3
+2 1
+1 2
+1 3
+2 4
+1 2
+1 2
+6 1
-4 1
+4 1
-3 2
fe=(16)
+75 1
-5 2
+4 1

fn=(34)
399 1
+16 1
-16 6
+3 1
+1 1
+1 1
+11 2
+3 6
593 1
+94 5
+1 1
+3 2
+1 1
+6 1
+3 1
fi=(19)
+5 1
+2 1
fe=(16)
-9 1
fi=(19)
+23 2
840 1
+46 1
-46 17
+45 2
+25 2
+21 2
-21 2
+13 3
+8 1
-8 1
+8 1
cfi=(10)
cfn=(24)
calls=1 405 
* 21
* 1
+2 2
+3 4
cfi=(10)
cfn=(24)
calls=1 405 
* 21
* 1
+2 1
+3 2
-3 2
+3 1
-3 1
+3 1
cfi=(10)
cfn=(24)
calls=1 405 
* 21
* 1
+1 5
+16 2
-12 5
cfi=(10)
cfn=(24)
calls=1 405 
* 21
* 1
+1 3
+23 1
-17 5
+3 3
-3 1
cfi=(10)
cfn=(24)
calls=1 405 
* 21
+3 3
-3 2
+3 9
cfi=(10)
cfn=(54)
calls=1 157 
* 58
+1 9
cfi=(10)
cfn=(54)
calls=1 157 
* 58
+1 10
cfi=(10)
cfn=(54)
calls=1 157 
* 58
+3 8
cfi=(10)
cfn=(54)
calls=1 157 
* 58
+2 8
cfi=(10)
cfn=(54)
calls=1 157 
* 58
+4 1
fe=(16)
706 1
fi=(19)
967 2
fe=(16)
706 2
fi=(19)
967 4
fe=(16)
706 1
cfi=(10)
cfn=(24)
calls=1 405 
* 19
+4 3
+14 1
-1 2
+1 3
+47 1
-1 1
+1 1
+46 4
cfi=(10)
cfn=(24)
calls=1 405 
* 19
+2 4
cfi=(10)
cfn=(24)
calls=1 405 
* 19
fi=(21) ./elf/../sysdeps/unix/sysv/linux/x86/cpu-features.c
27 6
fe=(16)
829 2
+45 8
fi=(19)
+19 11
fe=(16)
775 3
+27 2
-10 2
+1 2
+2 3
+1 2
+2 3
+1 2
fi=(19)
-75 3
cfn=(46)
calls=1 255 
* 437
+1 1
-1 2
+1 1
cfn=(46)
calls=1 255 
* 478
+1 1
-1 1
+1 1
cfn=(46)
calls=1 255 
* 503
+3 1
-3 2
+3 1
cfn=(46)
calls=1 255 
* 459
+2 1
-2 1
+2 1
cfn=(46)
calls=1 255 
* 451
+3 1
-2 1
-1 1
+3 1
cfn=(46)
calls=1 255 
* 428
+2 1
-2 1
+2 1
cfn=(46)
calls=1 255 
* 429
+3 1
-2 1
-1 1
+3 1
cfn=(46)
calls=1 255 
* 469
+2 1
-2 1
+2 1
cfn=(46)
calls=1 255 
* 470
+3 1
-3 1
+3 1
cfn=(46)
calls=1 255 
* 494
+2 1
-2 1
+2 1
cfn=(46)
calls=1 255 
* 495
+2 1
-2 1
+2 1
cfn=(46)
calls=1 255 
* 790
+2 3
-2 1
+2 1
cfn=(52)
calls=1 481 
* 215
863 15
fe=(16)
424 6
cfn=(36) get_common_indices.constprop.0
calls=1 -99 
* 71
303 3
+1 2
+1 6
+5 2
+1 6
+5 2
+1 6
429 1
cfn=(40)
calls=1 43 
* 194
+2 1
+2 1
+83 1
-85 2
564 2
+7 2
+2 1
+4 2
+6 2
422 2
-3 1
+14 3
+1 4
+69 1
+10 11
+42 1
+1 1
434 11
+55 3

fn=(36)
325 1
+4 4
+3 3
+5 2
-5 1
+5 1
-5 1
+4 1
+1 1
+1 4
+1 4
+1 3
+1 2
+7 2
+2 5
+5 1
-5 1
+5 1
-5 1
+5 1
-5 2
+5 1
+7 1
-7 4
+7 1
+1 3
+6 1
-6 4
+6 1
fi=(17) ./elf/../sysdeps/unix/sysv/linux/x86/dl-minsigstacksize.h
24 2
+3 2
+1 2
+37 3
+7 1
+2 1
fe=(16)
384 2

fl=(14)
fn=(28)
35 1
+1 3
+1 2
+6 1
+1 1

fl=(44)
fn=(132)
125 7
+1 35
+6 7
+1 7
+1 7
+1 7
+2 1
+1 1
+1 1
+65 4
+1 4
+2 4
+76 6
+1 6
+5 6
+3 6
+1 6
+3 2
+1 2
+13 2
+1 2
+2 2
+3 1
+3 2
+3 1
+1 1
+1 1
+1 1
+1 1
+1 1
+1 1
-6 27
+1 27
+1 27
+1 27
+1 27
+1 27
+1 27
+3 2
+1 2
+1 2
+1 2
+5 2

fl=(65)
fn=(208)
25 1
+2 7
+4 1

fl=(38)
fn=(108)
175 5
+1 1
-1 6
+1 1
-1 1
+1 1
-1 1
+1 1
-1 1
+1 2
cfi=(10)
cfn=(24)
calls=1 405 
* 21
* 1
+2 2
+1 3
+26 2
-26 1
+25 1
cfi=(39)
cfn=(110)
calls=1 29 
* 47
fi=(40) ./elf/./dl-hwcaps.h
54 1
fe=(38)
205 1
-1 1
fi=(40)
56 1
+32 1
+1 1
+1 1
fe=(38)
-35 2
cfi=(41)
cfn=(116)
calls=1 -4 
* 13
* 2
fi=(40)
-1 1
+2 2
-2 1
+34 2
+1 2
+1 1
fe=(38)
-32 2
-1 2
+1 2
+1 2
-1 2
-3 4
cfi=(41)
cfn=(116)
calls=2 -4 
* 114
* 2
cfi=(41)
cfn=(116)
calls=1 -4 
* 122
* 6
+48 5
fi=(28)
-47 1
cfi=(27)
cfn=(76)
calls=1 -21 
* 25
fe=(38)
+47 1
+2 2
+3 2
fi=(40)
-52 1
fe=(38)
+55 1
-3 1
fi=(40)
-54 2
+3 1
fe=(38)
+58 2
cfi=(41)
cfn=(122)
calls=1 -90 
* 12
* 2
fi=(40)
-61 1
+2 2
-2 1
+34 2
+1 2
+1 1
fe=(38)
+40 4
+1 2
-1 6
+2 2
+1 2
-2 6
-3 4
cfi=(41)
cfn=(116)
calls=2 -77 
* 114
* 2
cfi=(41)
cfn=(116)
calls=1 -77 
* 122
* 6
+8 2
+9 1
-15 1
+15 2
-15 1
+15 8
+9 2
+4 7
cfi=(43)
cfn=(124)
calls=1 22 
* 41
+1 2
+1 1
+4 1
+1 2
+1 1
-20 2
+19 1
+1 1
-20 2
-1 4
+70 1
+1 1
+4 1
-5 2
+1 4
+4 2
-4 1
+4 4
+1 1
-1 1
+1 2
+1 2
-2 5
+1 1
-1 1
+1 2
+1 2
-2 5
+5 1
+3 2
-3 2
+3 15
+7 1
-7 2
+2 3
+1 4
+2 1
fi=(208) ./elf/../sysdeps/x86/dl-hwcap.h
57 1
fe=(38)
233 2
fi=(208)
57 1
fe=(38)
233 2
fi=(208)
57 1
fe=(38)
233 1
+1 1
cfi=(22)
cfn=(60)
calls=1 41 
* 17
+1 1
+1 1
-6 1
+4 1
+1 1
-5 1
+5 1
+1 1
-1 2
-5 4
+10 3
-2 3
+2 1
+1 1
+1 1
-1 1
+4 4
+1 1
-1 1
+4 2
+4 1
-1 1
+1 4
-1 2
+4 3
+1 3
+19 10
+6 2
fi=(28)
56 1
cfi=(27)
cfn=(76)
calls=1 -21 
* 25
* 1
fe=(38)
283 2
+8 1
fi=(40)
54 1
+2 1
+34 1
-2 2
fe=(38)
-5 1
291 1
fi=(40)
54 1
+35 1
fe=(38)
291 1
fi=(40)
90 1
fe=(38)
-10 2
cfi=(41)
cfn=(116)
calls=1 -29 
* 13
* 2
fi=(40)
-26 2
+2 1
fe=(38)
+27 1
fi=(40)
-29 1
+34 2
+1 2
+1 1
fe=(38)
-8 2
+1 4
+7 2
-7 10
cfi=(29)
cfn=(128)
calls=2 199 
* 26
+4 2
+2 2
+2 2
-2 4
-9 4
cfi=(41)
cfn=(116)
calls=2 -29 
* 114
* 2
cfi=(41)
cfn=(116)
calls=1 -29 
* 122
* 6
304 1
+2 1
-2 1
-48 2
+72 1
-72 1
376 2
+13 2
-58 1
+45 1
+13 1
-58 1
-75 1
+82 1
+10 2
-92 1
+88 1
+4 3
-4 1
+3 7
-3 2
-3 1
+3 1
cfi=(29)
cfn=(128)
calls=1 199 
* 18
* 2
-3 1
+3 1
cfi=(29)
cfn=(128)
calls=1 199 
* 18
* 2
+3 2
-3 4
+3 5
+1 12
+1 2
-2 1
+2 1
cfi=(29)
cfn=(128)
calls=1 199 
* 15
* 2
-2 2
+5 8
cfi=(29)
cfn=(128)
calls=2 199 
* 30
* 4
+2 5
+5 6
+1 1
-1 3
+1 7
-1 25
+5 11
+4 1
-1 1
+1 2
-4 12
+4 2
-1 2
+1 13
-1 9
+1 18
+1 24
-1 12
-1 12
+2 24
-1 24
-1 24
+4 9
+3 1
+2 2
-1 1
-1 1
+2 1
-2 1
+2 2
-1 1
+1 2
+2 6
+1 2
+3 2
-6 2
+6 3
+7 8
+1 1
-1 2
+3 2
-3 3
+1 3
-1 6
+3 6
+3 4
-80 2
+86 9
-20 1
+1 2
-6 3
259 2
+1 2
+1 4
-1 3
+12 4
-44 2
+34 4
-2 3

fl=(29)
fn=(80)
212 17
+1 17
+6 17
+1 17
+2 10
+1 10
+1 10
+2 7
+1 7
+1 7
+2 7
360 7
+1 7
+2 1
+4 1
+1 1
+1 1
+1 1
+1 1
+4 1
+2 1
+39 6
+1 6
+1 6
+1 6
+1 6
+7 3
+1 3
+1 3
+1 3
+1 3
+1 3
+1 3
+11 3
+1 3
+2 3
+1 3
+1 3

fn=(128)
199 32
+1 32
+1 32
+1 32
+17 32
+1 32
+2 6
+1 6
+1 6
+2 5
+1 5
+1 5
+2 5
360 26
+1 26
+2 8
+4 8
+1 3
+1 3
+1 2
+1 2
+1 2
+1 2
+2 2
+2 3
+6 5
+1 5
+1 5
+1 5
+1 5
+29 18
+1 18
+1 18
+1 18
+1 18
+7 1
+1 1
+1 1
+1 1
+1 1
+1 1
+1 1
+11 1
+1 1
+2 1
+1 1
+1 1

fl=(42)
fn=(118)
23 15
+1 15
+1 15
+1 15
+1 15
+1 15
+1 15
+1 15
+1 15
+1 15
+1 15
+1 15
+1 15
+1 15
+1 15
+1 15
+1 15
+1 15
+1 13
+4 13
+1 13
+1 13
+1 13
+2 13
+4 2
+1 2
+1 2
+1 2
+1 2
+1 2
+1 2
+1 2
+1 2
+1 2
+1 2
+1 2
+1 2
+1 2
+1 2
+1 2
+1 2
+1 2
+1 2
+1 2
+1 2
+1 2
+1 2
+1 2
+52 2
+4 2
+1 2
+1 2
+1 2
+2 2

fl=(134)
fn=(434)
74 30
+2 3
-2 3
+4 3
-4 3
+2 3
+2 9
+37 3
-37 9
+1 6
+2 12
+3 25
-52 3
+54 6
-54 3
+54 3
-54 9
+1 9
+2 6
+1 6
+12 12
+3 3
+2 3
-2 3
+2 9
cfi=(32)
cfn=(90)
calls=3 +55 
* 207
* 6
+4 6
+1 3
-1 3
+1 18
+1 9
cfi=(32)
cfn=(90)
calls=3 +49 
* 75
* 6
+57 27
-23 6

fl=(52)
fn=(162)
225 10
+2 2
cob=(2)
cfi=(51)
cfn=(164)
calls=1 0 
* 2759
+1 2
+1 1
+1 1
-1 1
+1 1
+2 5

fn=(250)
238 6
+1 1
+1 1
+3 1
+1 1
+2 1
cfi=(2)
cfn=(252)
calls=1 696 
* 4136
+2 1
+1 1
+1 4

fn=(166)
175 9
+5 3
-5 9
+5 3
-2 6
+22 3
-1 3
+7 6
-6 3
+3 6
+3 3
cfi=(53)
cfn=(168)
calls=3 30 
* 72
* 12
+2 9
cfi=(66)
cfn=(214)
calls=2 61 
* 6606
cfi=(2)
cfn=(170)
calls=1 663 
* 2698
+2 3
-1 3
+1 3
-1 3
+1 6
+9 12

fl=(68)
fn=(468)
537 1
+1 4
-1 1
+3 2
cfi=(72)
cfn=(470)
calls=1 117 
* 6
+1 1
+4 1
+2 2

fn=(222)
416 10
+2 2
+3 3
+74 1
208 1
495 2
+3 3
fi=(70) ./elf/../sysdeps/x86/dl-procinfo.h
39 2
+3 3
cfi=(32)
cfn=(90)
calls=1 +66 
* 25
* 4
fe=(68)
212 6
cfi=(10)
cfn=(24)
calls=1 405 
* 21
* 1
+16 2
-16 1
+6 2
+10 1
-7 5
+9 3
+1 1
-37 2
+37 1
+4 2
-5 21
+1 7
-37 14
+37 7
+4 14
+4 24
cfn=(230) _dl_cache_libcmp
calls=8 370 
* 608
+1 16
359 7
+3 2
228 2
360 6
228 15
+2 5
+20 2
+3 2
+2 4
cfn=(230)
calls=1 370 
* 74
* 2
-7 2
-30 2
+1 1
+95 1
-95 1
-1 8
+96 3
-47 2
+10 2
+1 3
fi=(69) ./elf/../sysdeps/generic/dl-cache.h
125 5
fe=(68)
294 2
+9 2
+3 2
+2 3
+1 2
+5 2
+1 4
+7 2
+21 4
513 2
+12 2
cfi=(22)
cfn=(60)
calls=1 41 
* 33
* 12
+1 1
-1 1
+1 1
-1 1
+1 1
cfi=(29)
cfn=(80)
calls=1 212 
* 11
* 1
+1 1
cfi=(45)
cfn=(140)
calls=1 40 
* 89
+1 8
-3 2
424 4
cfi=(54)
cfn=(224)
calls=1 36 
* 91
* 1
+8 5
+1 8
+3 4
+1 1
-1 3
fi=(69)
194 1
+1 5
fe=(68)
444 1
+1 2

fn=(230)
370 9
+1 9
+32 9
-33 18
+1 20
+2 45
+2 45
-2 90
+20 88
+2 88
-12 36
+2 36
+14 36
+1 36
-29 72
+32 3
-28 2
+8 1
-2 2
+1 2
-1 1
+2 3
+2 1
-3 1
+3 3
+2 2
+9 24

fl=(77)
fn=(270)
252 8
42 1
+9 1
-10 1
+4 1
-4 1
+3 1
+4 2
+1 2
-1 2
+14 2
254 8

fl=(75)
fn=(256) _dl_check_map_versions
155 32
+15 4
-15 8
+15 8
+2 20
+2 4
+1 4
-1 4
+1 4
+2 8
+3 4
-16 2
-8 2
+28 2
-4 2
+4 4
+16 2
36 4
200 2
36 10
+1 5
-1 10
+2 21
cfi=(54)
cfn=(174)
calls=7 +30 
* 805
* 14
208 6
+5 2
-71 4
+71 6
+8 2
-2 2
-2 4
+4 2
-4 12
+4 7
-2 7
-2 14
+4 7
-4 72
56 36
+8 27
+6 27
+16 9
+1 18
+2 9
+5 81
+14 186
+12 252
+4 84
-30 168
224 36
+3 27
+5 7
-11 7
110 9
+3 36
cfi=(32)
cfn=(90)
calls=9 -5 
* 309
* 38
236 8
+14 4
+3 8
+10 42
-7 168
+3 126
-3 8
+3 6
+8 6
+6 3
fi=(28)
44 3
fe=(75)
273 3
fi=(28)
44 3
cfi=(27)
cfn=(72)
calls=3 +34 
* 108
fe=(75)
272 3
fi=(28)
44 3
fe=(75)
274 6
+13 3
-3 3
+3 12
+2 9
+3 8
+4 6
+7 9
+1 9
-1 27
+1 9
+1 9
-2 9
+2 18
+1 27
+3 27
+5 7
-15 7
+2 7
-2 7
+2 7
-2 7
+2 14
-2 2
+2 2
-2 2
+2 2
-2 2
+2 4
+16 6
+39 36
-29 9
+3 8
+4 42
+6 42
+1 42
+1 42
-1 126
+1 42
-1 42
+1 42
+1 42
+3 126
+4 42
-14 88
+10 6
164 2
+86 2
-94 2
+94 3

fn=(254)
361 6
+4 5
-2 2
+4 24
cfn=(256)
calls=4 155 
* 4053
-2 4
+2 12
-1 4
-1 8
+5 7

ob=(4)
fl=(145)
fn=(482)
0 12

fn=(782)
0 11
cob=(2)
cfi=(51)
cfn=(788)
calls=1 0 
0 74
0 10
cfn=(794) 0x0000000000001070
calls=1 0 
0 5
0 5

fn=(794)
0 5

fn=(490)
0 5

ob=(3)
fl=(120)
fn=(388)
29 1
fi=(121) ./wcsmbs/../sysdeps/x86_64/multiarch/ifunc-memcmp.h
+5 2
+1 1
-1 2
+1 2
+1 2
+1 3
+2 2
+4 3
+3 3
fe=(120)
-17 1

fl=(147) ./misc/./misc/init-misc.c
fn=(498) __init_misc
30 1
+1 2
-1 4
+1 3
+2 3
cob=(2)
cfi=(51)
cfn=(500)
calls=1 -33 
* 30
+4 5
+1 3
+2 4

fl=(173)
fn=(638)
105 334054
+1 1336216
cfi=(174) ./stdlib/../stdlib/strtol_l.c
cfn=(604) ____strtol_l_internal
calls=334054 225 
* 43982962

fn=(602) __strtol_internal
97 2
+1 6
cfi=(174)
cfn=(604)
calls=2 225 
* 375

fl=(81)
fn=(290)
86 1
fi=(82) ./string/../sysdeps/x86/cacheinfo.h
-25 1
+3 3
+2 1
+1 1
-1 2
+7 3
+2 1
+1 1
-1 2
+5 2
+2 2
+1 2
+1 2
+2 2
fe=(81)
* 2

fl=(146)
fn=(496)
46 4
+5 2
+4 5
+8 1
-2 1
+10 1
-9 1
+1 1
+9 2
-1 1
cfi=(147)
cfn=(498)
calls=1 -41 
* 55

fl=(94)
fn=(318)
31 2
fi=(95) ./wcsmbs/../sysdeps/x86_64/multiarch/ifunc-avx2.h
+2 10
-1 4
+2 6
+2 4
+4 6
+3 8
fe=(94)
-12 2

fl=(136)
fn=(440)
33 7
+2 1
cfi=(137) ./ctype/./ctype/ctype-info.c
cfn=(442) __ctype_init
calls=1 -6 
* 17
+3 1
fi=(139) ./elf/../sysdeps/nptl/pthread_early_init.h
-5 2
fe=(136)
+8 1
-3 1
fi=(139)
-5 1
cfi=(138) ./resource/../sysdeps/unix/sysv/linux/getrlimit64.c
cfn=(444) getrlimit
calls=1 +5 
* 10
* 3
+1 6
+11 1
fi=(209) ./elf/../nptl/nptl-stack.h
+13 3
fi=(139)
-13 1
fi=(209)
+13 2
fi=(139)
-4 1
fi=(209)
+4 2
fi=(139)
-6 1
fi=(209)
+6 1
fi=(139)
-12 1
+6 6
+1 1
+4 1
cfi=(140) ./nptl/./nptl/pthread_mutex_conf.c
cfn=(448) __pthread_tunables_init
calls=1 -7 
* 884
fe=(136)
-10 3
+2 2
-2 1
cfi=(143) ./nptl/../sysdeps/unix/sysv/linux/x86/elision-conf.c
cfn=(462) __lll_elision_init
calls=1 +49 
* 147

fl=(172) ./io/../sysdeps/unix/sysv/linux/read.c
fn=(598) read
25 1777
+1 10662
+1 1777

fl=(89)
fn=(306)
29 2
fi=(90) ./string/../sysdeps/x86_64/multiarch/ifunc-memset.h
+21 10
+3 6
+7 4
+9 4
+2 4
+10 4
+8 4
+2 10
fe=(89)

fl=(97)
fn=(324)
28 1
fi=(84) ./string/../sysdeps/x86_64/multiarch/ifunc-avx2.h
+5 5
-1 2
+2 3
+2 2
+4 3
+3 4
fe=(97)
-15 1

fl=(195) ./stdlib/./stdlib/cxa_thread_atexit_impl.c
fn=(746) __call_tls_dtors
149 4
+1 4
+18 4

fl=(110)
fn=(358)
29 1
fi=(111) ./string/../sysdeps/x86_64/multiarch/ifunc-memcmp.h
+5 2
+1 1
-1 2
+1 2
+1 2
+1 3
+2 2
+4 3
+3 3
fe=(110)
-17 1

fl=(122)
fn=(392)
33 1
fi=(101) ./string/../sysdeps/x86_64/multiarch/ifunc-strcpy.h
+3 2
+1 1
-1 2
+1 2
+2 2
+4 3
+3 3
fe=(122)
-13 1

fl=(148)
fn=(502)
46 1
+1 1
+1 1
+2 1
+1 1
+3 1
+1 1
+1 1
+2 1
+1 1
+1 1
+1 1
+1 1
+1 1
+2 1
+1 1
+12 1
+1 1
219 1
+1 1
+1 1
+1 1
+1 1
+2 1
+1 1
+1 1
+1 2

fl=(153) ./csu/../sysdeps/nptl/libc_start_call_main.h
fn=(532) (below main)
29 4
+15 1
-15 5
+15 1
cfi=(154) ./setjmp/../sysdeps/x86_64/bsd-_setjmp.S
cfn=(534) _setjmp
calls=1 -16 
* 34
* 1
+2 2
+5 2
+1 2
+3 2
+3 6
cob=(5)
cfi=(157)
cfn=(540)
calls=1 +31 
* 38564373607
* 1
+16 1
cfi=(194) ./stdlib/./stdlib/exit.c
cfn=(742) exit
calls=1 +68 
* 1642

fl=(96)
fn=(322)
61 1
-20 2
+1 1
-1 2
-1 2
+2 2
+2 2
+4 3
+3 3
+10 1

fl=(116)
fn=(374)
29 2
fi=(101)
+7 4
+1 2
-1 4
+1 4
+2 4
+4 6
+3 6
fe=(116)
-17 2

fl=(186)
fn=(666)
83 264349051
+23 264349051
+1 264349051
+2 264349051
+1 264349051
+1 264349051
+1 264349051
+1 264349051
+2 219837496
+1 219837496
+1 219837496
+1 219837496
+1 219837496
+1 219837496
+1 219837496
+1 219837496
+18 219837496
+1 219837496
+1 219837496
+3 439674992
656 68376
+2 68376
+1 68376
+1 68376
+1 68376
+9 68376
+1 68376
+3 68376
+1 68376
+3 36581
+4 73162
+36 39922571
+1 39922571
+4 39922571
+11 39922571
+1 39922571
+1 39922571
+2 79845142
+10 44511555
+1 44511555
+2 28294973
+1 28294973
+1 28294973
+1 28294973
+1 28294973
+1 28294973
+1 28294973
+15 16216582
+1 16216582
+1 16216582
+1 16216582
+1 16216582
+1 16216582
+1 16216582
+1 16216582
+1 16216582
+2 4588984
+2 4588984
+13 4588984
+1 4588984
+23 4588984
+1 4588984
+31 4588984
+1 4588984
+2 4588984
+1 4588984
+1 4552403
+1 9104806

fl=(123)
fn=(396)
29 1
fi=(124) ./string/../sysdeps/x86_64/multiarch/ifunc-evex.h
+6 5
-1 2
+2 3
+5 2
-3 2
+9 3
+3 4
fe=(123)
-21 1

fl=(202) ./posix/../sysdeps/unix/sysv/linux/_exit.c
fn=(816) _Exit
27 2
+3 1
+1 2

fl=(167) ./malloc/./malloc/arena.c
fn=(572) ptmalloc_init.part.0
313 1
fi=(166)
3162 3
fe=(167)
313 5
+5 1
fi=(166)
3162 2
cfi=(168) ./stdlib/../sysdeps/unix/sysv/linux/getrandom.c
cfn=(574) getrandom
calls=1 28 
* 9
* 2
fe=(167)
343 2
+4 3
fi=(166)
1966 4
+3 1
-3 1
+3 2
-3 2
+3 126
-3 126
+3 252
-3 252
fe=(167)
352 3
fi=(166)
1977 1
+1 1
+2 1
fe=(167)
352 1
cob=(2)
cfi=(51)
cfn=(450)
calls=1 0 
* 23
+1 4
cob=(2)
cfi=(51)
cfn=(450)
calls=1 0 
* 22
+1 4
cob=(2)
cfi=(51)
cfn=(450)
calls=1 0 
* 23
+1 4
cob=(2)
cfi=(51)
cfn=(450)
calls=1 0 
* 23
+1 4
cob=(2)
cfi=(51)
cfn=(450)
calls=1 0 
* 22
+1 4
cob=(2)
cfi=(51)
cfn=(450)
calls=1 0 
* 23
+1 4
cob=(2)
cfi=(51)
cfn=(450)
calls=1 0 
* 23
+2 4
cob=(2)
cfi=(51)
cfn=(450)
calls=1 0 
* 23
+1 4
cob=(2)
cfi=(51)
cfn=(450)
calls=1 0 
* 23
+1 4
cob=(2)
cfi=(51)
cfn=(450)
calls=1 0 
* 23
+3 4
cob=(2)
cfi=(51)
cfn=(450)
calls=1 0 
* 23
+1 4
cob=(2)
cfi=(51)
cfn=(450)
calls=1 0 
* 23
+1 2
+63 7

fl=(174)
fn=(604)
225 1002168
+54 334056
-54 1336224
+19 334056
-19 1002168
+14 334056
-14 334056
+26 668112
+31 1336224
+9 2004336
+2 668112
+5 668112
-1 334056
+6 668112
+4 668112
+10 668112
+10 1336224
-82 668112
377 334056
+56 1336224
309 334056
449 334056
+10 1002168
-10 334056
+10 334056
+12 668112
-5 873197
+5 873197
+1 2619591
-41 1746394
+2 2824676
+2 2619591
+28 2619591
+3 1746394
+11 668112
+5 1002168
+1 2
+5 668112
324 668112
491 1002168
-2 668112
+17 1670280
+18 2672448

fl=(143)
fn=(462)
96 2
+5 1
-5 1
+5 1
-5 3
+5 3
cob=(2)
cfi=(51)
cfn=(450)
calls=1 0 
* 22
+2 4
cob=(2)
cfi=(51)
cfn=(450)
calls=1 0 
* 22
+2 4
cob=(2)
cfi=(51)
cfn=(450)
calls=1 0 
* 22
+2 4
cob=(2)
cfi=(51)
cfn=(450)
calls=1 0 
* 22
+2 4
cob=(2)
cfi=(51)
cfn=(450)
calls=1 0 
* 22
+4 3
+1 1
+1 6

fl=(98)
fn=(328)
29 2
fi=(93) ./string/../sysdeps/x86_64/multiarch/ifunc-memmove.h
+24 6
-1 4
+4 6
+14 4
+2 4
+8 4
+8 4
+2 10
fe=(98)

fl=(140)
fn=(448)
50 2
+1 2
-1 4
+1 3
cob=(2)
cfi=(51)
cfn=(450)
calls=1 -51 
* 840
+2 4
cob=(2)
cfi=(51)
cfn=(450)
calls=1 -53 
* 23
+2 6

fl=(83)
fn=(294)
31 2
fi=(84)
+2 10
-1 4
+2 6
+2 4
+4 6
+3 8
fe=(83)
-12 2

fl=(112)
fn=(362)
31 2
fi=(113) ./wcsmbs/../sysdeps/x86_64/multiarch/ifunc-wmemset.h
+2 10
+1 6
+2 4
+8 6
+3 8
fe=(112)
-16 2

fl=(117)
fn=(378)
31 1
fi=(210) ./string/../sysdeps/x86_64/multiarch/ifunc-strcasecmp.h
+1 5
fe=(117)
-1 1

fl=(177)
fn=(616)
34 43641318
+3 14547106
+1 43635990
+5 36365989
-5 1776
cfi=(161) ./libio/./libio/genops.c
cfn=(550) __uflow
calls=1776 299 
* 287711

fl=(92)
fn=(314)
29 2
fi=(93)
+24 6
-1 4
+4 6
+14 4
+2 4
+8 4
+8 4
+2 10
fe=(92)

fl=(198)
fn=(752)
367 1
51 3
+1 2
367 1
57 2
+8 1
-3 1
-23 1
+1 2
+30 1
369 2
40 3
+1 2
+33 2
+6 4
+4 3
+3 3

fl=(104)
fn=(344)
66 1
-25 4
+1 3
+2 2
+5 3
+3 3
+14 1

fl=(114)
fn=(366)
29 1
fi=(84)
+4 5
-1 2
+2 3
+2 2
+4 3
+3 4
fe=(114)
-14 1

fl=(126)
fn=(402)
33 1
fi=(93)
+20 3
-1 2
+4 3
+14 2
+2 2
+8 2
+8 2
+2 5
fe=(126)

fl=(154)
fn=(534)
28 1
+2 1
+2 1
cfi=(155) ./setjmp/../sysdeps/x86_64/setjmp.S
cfn=(536) __sigsetjmp
calls=1 -2 
* 31

fl=(115)
fn=(370)
31 1
fi=(84)
+2 5
-1 2
+2 3
+2 2
+4 3
+3 4
fe=(115)
-12 1

fl=(86)
fn=(300)
65 2
-24 4
+1 2
-1 4
+1 4
+2 4
+5 6
+3 6
+13 2

fl=(108)
fn=(352)
29 1
fi=(101)
+7 2
+1 1
-1 2
+1 2
+2 2
+4 3
+3 3
fe=(108)
-17 1

fl=(138)
fn=(444)
38 2
+1 7
+1 1

fl=(151)
fn=(510)
242 12
343 3
+1 3
cfi=(152) ./stdlib/./stdlib/cxa_atexit.c
cfn=(512) __cxa_atexit
calls=1 69 
* 71
+25 6
+6 2
-3 2
+10 2
cob=(2)
cfi=(51)
cfn=(526)
calls=1 0 
* 836
+2 2
+8 4
cfi=(153)
cfn=(532)
calls=1 29 
* 38564375311
128 2
+6 3
+1 6
cob=(2)
cfi=(51)
cfn=(516)
calls=1 0 
* 7
* 1
+3 1
+1 2
+3 2
+1 2
-1 1
+2 7
+1 4
cob=(5)
cfi=(150)
cfn=(520)
calls=1 0 
* 12
-1 4

fl=(189)
fn=(724)
25 106260
+7 9660
-4 19320
+4 19320
-4 9660
+5 9660
-1 9660
+1 9660
-5 9660
+4 9660
+1 9660
-1 9660
+1 9660
cfi=(190) ./stdio-common/./stdio-common/vfprintf-internal.c
cfn=(726) __vfprintf_internal
calls=9660 1180 
* 12430427
+4 48300

fl=(158)
fn=(544)
25 13
+4 1
+1 2
-1 2
+1 1
-1 1
+1 1
-1 1
+1 1
-1 1
+1 1
cfi=(159) ./stdio-common/./stdio-common/vfscanf-internal.c
cfn=(546) __vfscanf_internal
calls=1 278 
* 3602
+4 5

fl=(185)
fn=(660)
294 192068
+1 192068
+1 192068
+1 192068
+17 192068
+1 192068
+42 192068
+1 192068
+2 190424
+1 190424
+2 49314
+4 49314
+1 39351
+1 39351
+1 39351
+1 39351
+1 1210
+1 1210
+2 1210
+2 1210
-2 38141
+2 38141
+6 9963
+1 9963
+1 9963
+1 9963
+1 9963
+7 1644
+1 1644
+1 1644
+1 1644
+2 1644
+17 141110
+1 141110
+1 141110
+1 141110
+1 141110

fn=(662)
307 48067
+1 48067
+6 48067
+1 48067
+42 48067
+1 48067
+2 28837
+1 28837
+33 19230
+1 19230
+1 19230
+1 19230
+2 19230
+17 28837
+1 28837
+1 28837
+1 28837
+1 28837

fl=(109)
fn=(356)
31 1
fi=(210)
+1 5
fe=(109)
-1 1

fl=(199)
fn=(762)
30 4
+3 4
-3 14
+3 8
+3 6
+4 12
-4 6
+58 8
+4 12
-4 6
+11 4
+1 4
cfi=(200) ./posix/./posix/register-atfork.c
cfn=(764) __unregister_atfork
calls=2 -30 
* 32
+1 8
+1 16

fl=(163) ./libio/./libio/filedoalloc.c
fn=(558) _IO_file_doallocate
78 18
+6 8
fi=(184) ./libio/./libio/libioP.h
940 6
+2 4
+1 4
fe=(163)
84 6
cfi=(162) ./libio/./libio/fileops.c
cfn=(560) _IO_file_stat
calls=2 1146 
* 36
* 4
+2 8
+11 8
+4 4
cob=(2)
cfi=(51)
cfn=(566)
calls=2 0 
* 1991
* 2
+1 4
+2 8
cfi=(161)
cfn=(592) _IO_setb
calls=2 329 
* 48
+1 2
+1 16

fl=(170) ./misc/./misc/sbrk.c
fn=(588) sbrk
37 350
+6 175
-6 175
+3 175
-3 350
+3 175
+3 175
+20 1
+15 315
-20 350
+1 2
cfi=(171) ./misc/../sysdeps/unix/sysv/linux/brk.c
cfn=(590) brk
calls=1 -24 
* 9
* 2
+4 1
-1 350
+4 696
+8 174
cfi=(171)
cfn=(590)
calls=174 -39 
* 1790
* 348
-14 112
+18 560

fl=(162)
fn=(648) _IO_file_xsputn@@GLIBC_2.2.5
1197 1008900
+7 201780
-7 605340
+6 787800
+9 384240
-2 768480
+17 576360
+1 192068
+3 576204
+2 192068
+2 192068
+2 384136
-2 192068
+1 192068
+1 192068
-2 192068
cob=(2)
cfi=(51)
cfn=(658)
calls=192068 0 
* 3402267
* 192068
+4 384136
+28 1816020
-36 52
+12 52
fi=(184)
940 156
+2 104
+1 104
fe=(162)
1243 291
fi=(184)
940 873
+2 582
+1 582
fe=(162)
1243 1029
cfn=(650) _IO_file_overflow@@GLIBC_2.2.5
calls=343 731 
* 45848
* 686
+6 686
+1 2401
+2 686
+11 1029
+1 1372
cfi=(161)
cfn=(654) _IO_default_xsputn
calls=343 371 
* 25442
+2 1029

fn=(560)
1146 2
+1 4
cfi=(164) ./io/../sysdeps/unix/sysv/linux/fstat64.c
cfn=(562) fstat
calls=2 29 
* 30

fn=(596) _IO_file_read
1130 1777
+1 1777
+2 1777
-1 1777
+1 3554
cfi=(172)
cfn=(598)
calls=1777 25 
* 14216

fn=(810) _IO_file_setbuf@@GLIBC_2.2.5
381 6
+1 2
cfi=(161)
cfn=(812) _IO_default_setbuf
calls=2 +70 
* 138
* 4
+3 2
+4 4
-2 6
+3 4

fn=(554) _IO_file_underflow@@GLIBC_2.2.5
461 1777
+4 5331
-4 14216
+7 3554
+6 5331
+3 3554
+12 3552
+9 3554
fi=(184)
940 1777
+2 1777
-2 1777
fe=(162)
505 3554
cfi=(161)
cfn=(594) _IO_switch_to_get_mode
calls=1777 164 
* 44425
+6 1777
+5 1777
-5 1777
fi=(184)
942 3554
fe=(162)
511 1777
fi=(184)
942 1777
fe=(162)
511 5331
fi=(184)
943 3554
fe=(162)
516 7108
cfn=(596)
calls=1777 1130 
* 24878
+2 3554
+16 1776
-9 1776
+9 3552
+2 3552
+1 14208
-6 1
-10 5
+11 1
-11 2
+16 8
-57 3
+5 2
cfi=(161)
cfn=(556) _IO_doallocbuf
calls=1 343 
* 1923
+4 4

fn=(714) _IO_file_write@@GLIBC_2.2.5
1173 2590
+2 2220
+5 370
cfi=(188) ./io/../sysdeps/unix/sysv/linux/write.c
cfn=(716) write
calls=370 25 
* 3330
+1 740
+5 370
+1 370
-12 740
+4 1110
+1 740
+10 1110
+3 2220
-4 1110

fn=(652) _IO_do_write@@GLIBC_2.2.5
423 371
+2 1113
+1 1
-3 370
fi=(184)
940 370
fe=(162)
423 740
fi=(184)
940 370
fe=(162)
423 370
fi=(184)
940 740
fe=(162)
423 1850
+20 370
-10 740
+7 1480
fi=(184)
942 740
+1 740
fe=(162)
448 1480
cfn=(714)
calls=370 1173 
* 17020
* 370
+1 1850
+2 370
+4 740
-3 740
-1 740
+4 1110
-2 370
-28 1480
+1 2960
+28 1110

fn=(814) _IO_file_sync@@GLIBC_2.2.5
792 10
+5 8
+2 2
+1 4
+11 4
+4 8

fn=(650)
731 1855
+1 1484
+7 1853
+37 370
-2 742
+3 54
+3 81
+1 81
+1 54
+4 27
+1 108
-45 2
+12 2
+9 3
+5 3
+2 2
-3 2
+3 1
+1 1
-6 1
+1 1
+5 4
+16 344
-12 344
+1 344
+11 688
-12 344
cfn=(652)
calls=344 423 
* 37735
+3 81
+2 54
-2 81
cfn=(652)
calls=27 423 
* 2970
* 54
-34 2
cfi=(161)
cfn=(556)
calls=1 343 
* 306
+1 1
+9 1
-9 5

fl=(149)
fn=(504)
83 1
+1 4
+1 3
+1 3
+2 1

fl=(179)
fn=(624)
50 379101
+13 379101
+1 379101
+1 379101
+3 379101
+2 379101
+1 379101
+3 379049
+1 379049
+8 379049
+1 379049
+1 379049
+5 758098
+26 2
+13 2
+1 2
+1 2
+6 4
+97 2
+6 2
+1 2
+1 2
509 52
+1 52
+1 52
+3 52
+15 52
+1 52
+1 50
+7 100

fl=(105)
fn=(346)
31 1
fi=(210)
+1 5
fe=(105)
-1 1

fl=(155)
fn=(536)
30 1
+2 1
+9 1
+1 2
+1 1
+4 1
+1 1
+1 1
+1 1
+1 1
+2 2
+2 1
+1 1
+1 1
+2 2
+2 1
+5 1
+1 1
+17 1
cfi=(156) ./setjmp/./setjmp/sigjmp.c
cfn=(538) __sigjmp_save
calls=1 -56 
* 9

fl=(168)
fn=(574)
28 1
+1 7
+1 1

fl=(87)
fn=(302)
29 1
fi=(88) ./wcsmbs/../sysdeps/x86_64/multiarch/ifunc-wcslen.h
+5 4
-1 2
+2 3
+2 2
+4 3
+3 3
fe=(87)
-15 1

fl=(99)
fn=(332)
30 1
fi=(95)
+3 5
-1 2
+2 3
+2 2
+4 3
+3 4
fe=(99)
-13 1

fl=(187)
fn=(700)
53 10
+6 10
+2 10
+5 10
+2 10
+1 10
+1 10
+2 5
+1 5
+2 5
+1 5
+1 5
+14 5
+1 5
+2 1
+1 1
+7 1
+1 1
304 5
+1 5
+1 5
+1 5
+10 5
+1 5
+31 4
+2 4
+2 4
+1 4
-3 5
+2 5
+1 5
-1 1
+1 1
+1 10
+1 10
+1 7
+1 7
+1 2
+1 2
+29 1
+1 1
+1 1
+1 1
+1 1
592 2
+1 2
+1 2
+1 2
+10 4
+4 5
+1 5
+1 5
+1 5
+10 10
+4 3
+1 3
+1 3
+1 3
+10 6

fl=(192) ./stdio-common/./stdio-common/_itoa.c
fn=(732) _itoa_word
163 38640
+3 77280
+2 38640
+9 785694
+9 38640

fl=(160) ./nptl/./nptl/libc-cleanup.c
fn=(548) __libc_cleanup_push_defer
24 9663
+3 19326
+3 38652
+1 9663
+2 9663
+1 9663

fn=(606) __libc_cleanup_pop_restore
39 9663
+3 19326
+2 19326
+1 19326
+2 9663

fl=(171)
fn=(590)
35 175
+1 700
+1 350
+6 63
+1 63
-5 224
+1 224

fl=(128)
fn=(408)
31 1
fi=(124)
+4 5
-1 2
+2 3
+5 2
-3 2
+9 3
+3 4
fe=(128)
-19 1

fl=(191)
fn=(730)
51 38640
+2 38640
+1 38640
+1 38640
+1 38640
+1 38640
+3 38640
+1 38640
+4 38640
+1 38640
+1 38640
+1 38640
+1 38640
+1 38640
+1 38640
+1 38640
+6 38640
+1 77280

fl=(197)
fn=(750)
77 1
+3 3
+2 1
+2 2
-7 2
+11 2
+79 1
+3 1
+2 1
+3 1
+2 1
+1 3
-81 2
+11 4
+4 1
+3 2
-71 1
+1 8
+1 1
+84 3
+1 2

fl=(118)
fn=(380)
29 2
fi=(84)
+4 10
-1 4
+2 6
+2 4
+4 6
+3 8
fe=(118)
-14 2

fl=(100)
fn=(336)
31 1
fi=(101)
+5 2
+1 1
-1 2
+1 2
+2 2
+4 3
+3 3
fe=(100)
-15 1

fl=(152)
fn=(512)
69 9
-28 2
+2 6
+1 2
cfn=(514) __new_exitfn
calls=1 +38 
* 32
+2 2
+10 1
+2 1
-5 3
+3 1
-1 1
+4 2
+1 1
-1 2
+12 6

fn=(514)
82 1
+6 2
-6 4
+11 4
-10 2
+12 4
-2 1
+10 1
-10 3
+45 1
+5 1
-4 1
+4 4
-18 1
-1 1
+1 1

fl=(127)
fn=(406)
31 1
fi=(210)
+1 5
fe=(127)
-1 1

fl=(161)
fn=(804) _IO_flush_all_lockp
686 12
+5 6
cfi=(160)
cfn=(548)
calls=1 24 
* 10
+1 9
+3 1
-8 1
+5 2
+3 2
fi=(184)
940 4
fe=(161)
706 1
fi=(184)
942 2
+1 2
fe=(161)
706 3
cfi=(162)
cfn=(650)
calls=1 +25 
* 133
+1 3
+2 6
+2 3
-16 9
+2 3
+1 6
+3 20
+14 9
+1 2
cfi=(160)
cfn=(606)
calls=1 39 
* 8
+4 12

fn=(812)
452 4
fi=(184)
940 2
fe=(161)
452 4
fi=(184)
940 2
fe=(161)
452 2
fi=(184)
940 2
fe=(161)
452 8
+1 2
fi=(184)
942 4
+1 4
fe=(161)
453 4
cfi=(162)
cfn=(814)
calls=2 792 
* 36
* 4
+4 2
330 2
462 2
-7 4
332 4
+5 2
-5 2
+5 2
467 2
332 2
466 8
+2 12
-11 2
+1 4
-1 2
330 8

fn=(552) _IO_default_uflow
361 3554
fi=(184)
940 3554
fe=(161)
361 1777
fi=(184)
940 1777
fe=(161)
361 3554
+1 1777
fi=(184)
942 3554
+1 3554
fe=(161)
362 3554
cfi=(162)
cfn=(554)
calls=1777 +99 
* 177856
+1 3554
+2 7104
+1 7108

fn=(654)
371 343
+3 686
-3 2744
fi=(184)
940 343
fe=(161)
371 343
fi=(184)
940 343
fe=(161)
371 343
fi=(184)
940 343
fe=(161)
371 686
+18 686
+8 343
+2 686
-20 1372
+2 1029
+3 686
+20 343
-29 343
+29 2401
-11 2884
+1 74
-1 74
+1 20
-1 20
+1 14
-1 14
+1 14
-1 14
+1 12
-1 12
+1 4
-1 4
+1 1652
-1 789
+1 546
-1 819
+1 1656
-1 2757

fn=(600) _IO_sputbackc
635 25
+3 15
+1 10
+9 5
+3 20
-10 10
+1 5
+5 5

fn=(736) __overflow
199 81
+2 81
+2 27
fi=(184)
940 81
+2 54
+1 54
fe=(161)
203 27
+1 54
-1 27
cfi=(162)
cfn=(650)
calls=27 731 
* 4104

fn=(550)
299 8885
+1 5331
+5 5331
+3 1777
173 1777
308 3554
+2 3554
+6 3554
+7 1777
fi=(184)
940 5331
+2 3554
+1 3554
fe=(161)
323 1777
+1 1777
-1 1777
+1 3554
-1 1777
cfn=(552)
calls=1777 +38 
* 222277
-23 3554
+21 5331

fn=(802) _IO_cleanup
863 2
+3 1
-3 9
-77 1
+80 1
cfn=(804)
calls=1 686 
* 269
-80 2
+80 1
-80 3
cfi=(160)
cfn=(548)
calls=1 24 
* 10
+1 9
+3 1
-3 2
+3 2
fi=(184)
940 4
fe=(161)
838 3
-48 9
+9 9
+2 6
+6 26
+8 10
+9 2
fi=(184)
942 4
+1 4
fe=(161)
824 8
cfi=(162)
cfn=(810)
calls=2 381 
* 166
+2 6
+4 10
+1 16
+11 9
+1 2
cfi=(160)
cfn=(606)
calls=1 39 
* 8
+35 12
-59 2
-2 2
+3 2
-3 2
+2 6

fn=(556)
343 2
+1 4
-1 6
+3 8
+1 2
fi=(184)
940 6
+2 4
+1 4
fe=(161)
347 4
cfi=(163)
cfn=(558)
calls=2 78 
* 2177
* 4
+3 8

fn=(592)
329 18
+1 8
+5 4
-3 2
+3 8
+3 8

fn=(594)
164 8885
+1 5331
+3 5331
+4 3554
+1 3554
+7 1777
-4 1777
+4 1777
-2 3554
+3 1777
+1 7108

fl=(102)
fn=(340)
31 2
fi=(103) ./wcsmbs/../sysdeps/x86_64/multiarch/ifunc-evex.h
+4 10
-1 4
+2 6
+5 4
-3 4
+9 6
+3 8
fe=(102)
-19 2

fl=(137)
fn=(442)
29 1
+2 7
+2 4
+2 4
+1 1

fl=(91)
fn=(310)
29 1
fi=(88)
+5 4
-1 2
+2 3
+2 2
+4 3
+3 3
fe=(91)
-15 1

fl=(106)
fn=(348)
29 1
fi=(211) ./string/../sysdeps/x86_64/multiarch/ifunc-sse4_2.h
+1 5
fe=(106)
-1 1

fl=(125)
fn=(400)
29 1
fi=(211)
+1 5
fe=(125)
-1 1

fl=(183)
fn=(644)
33 1073280
+2 134160
cob=(2)
cfi=(51)
cfn=(646)
calls=134160 -35 
* 2146560
+1 134160
-1 134160
+1 1609920
+3 134160
-3 134160
+3 134160
-3 134160
+3 268320
-1 268318
+1 1
+1 1
fi=(184)
940 3
+2 2
+1 2
fe=(183)
40 134159
fi=(184)
940 402477
+2 268318
+1 268318
fe=(183)
40 402480
cfi=(162)
cfn=(648)
calls=134160 1197 
* 8521316
* 268320
+1 939039
+1 536532
fi=(184)
883 268266
fe=(183)
42 108
fi=(184)
883 54
+1 1341600
fe=(183)
46 939120
-5 54
cfi=(161)
cfn=(736)
calls=27 199 
* 4590
* 54

fl=(119)
fn=(384)
29 1
fi=(101)
+7 2
+1 1
-1 2
+1 2
+2 2
+4 3
+3 3
fe=(119)
-17 1

fl=(166)
fn=(718) malloc_consolidate
4715 180
+17 180
-17 720
+28 180
-28 540
+15 180
+2 180
+13 360
+1 360
-1 3240
+1 3240
+62 5400
+1 1440
-31 131758
+4 126352
+2 63176
+1 126352
+1 126352
+2 126352
-4 2703
+1 5406
+1 5406
+2 5406
+1 8
+4 4
+2 4
-2 8
+3 4
+9 8
-12 65875
+2 65875
-2 131750
+3 65875
+9 197599
-56 131758
+4 197637
+1 263516
+8 65879
-3 131758
+3 65879
-3 65879
+4 65879
-4 65879
+5 65879
-5 65879
+5 131758
+2 131758
+1 2726
+2 2726
-1 2726
+2 10904
+2 16356
cfn=(734) unlink_chunk.constprop.0
calls=2726 1626 
* 59978
* 10904
+3 131758
+4 2703
+1 8109
+16 2703
-16 2703
cfn=(734)
calls=2703 1626 
* 59469
* 8109

fn=(578) tcache_init.part.0
3235 3
+9 8
+1 3
cfn=(580) _int_malloc
calls=1 1343 
* 367
* 1
+1 2
+8 4
+7 2
+2 1
+1 2
-1 1
+1 86
+3 4

fn=(582) sysmalloc
2548 1566
+20 696
+11 348
+1 522
+26 174
+1 522
+1 174
+9 1388
+6 522
+3 522
2941 348
+1 174
+5 348
+3 348
+5 348
-2 174
+2 174
-1 174
+1 174
-3 174
+3 174
+1 174
-1 522
+1 174
+2 348
+6 1914
2687 348
+9 696
+13 522
+8 870
+8 348
+21 448
+6 784
cfn=(738) sysmalloc_mmap_fallback.constprop.0
calls=112 2508 
* 5829
+2 224
-2 112
+2 112
+4 112
+14 336
-10 224
+2 348
+2 522
+6 692
+1 61
2946 61
2773 183
+2 226
+92 224
-65 112
+84 224
+10 113
-1 113
+1 339
+1 113
+11 226
+7 224
+1 336
+8 112
+2 112
+5 224
+2 104
cfn=(692) _int_free
calls=26 4421 
* 1664
* 26
+8 26
+5 52
fi=(167)
565 174
fe=(166)
2727 174
cfi=(169) ./malloc/./malloc/morecore.c
cfn=(586) __glibc_morecore
calls=174 25 
* 7944
+1 348
-1 174
+1 174
2028 62
2729 62
2028 62
2729 62
2028 124
2730 174
+3 348
+33 124
2610 124
2775 2
+40 3
+22 1
+1 1
-1 1
+1 6
+2 2
+1 3
cfi=(169)
cfn=(586)
calls=1 25 
* 28
+12 2
-12 1
+12 1
2028 4
2897 4
2765 2
-36 224
-16 3

fn=(568)
3287 821379600
+7 273793200
1343 273793198
+19 547586400
3306 547586400
+3 273793198
+10 13638906
+28 22731510
1362 136849117
3304 410547351
-63 4
cfn=(578)
calls=1 -6 
* 484
+68 2
+2 410689794
3193 264700596
+1 264700596
+2 132350298
+1 132350298
-1 397050894
+1 132350298
+1 132350298
3347 661751490
-26 18185208
cfn=(580)
calls=4546302 1343 
* 1069202289
+1 22731510
fi=(167)
162 9092604
315 1
cfn=(572)
calls=1 -2 
* 1128
fe=(166)
1343 2

fn=(580)
1343 9092606
3771 4546303
1362 4546303
3771 36370424
1362 9092606
3811 62300
+27 62300
+66 577725
+2 577725
-2 577725
+2 1155450
+2 6437
+1 12874
+6 6437
-4 6437
+1 6437
+1 6437
+2 12874
+7 25748
-1 12874
+1 12874
3181 6437
3927 6437
3183 6437
3927 6437
3181 6437
3927 153069
+1 89320
+4 44586
+1 44586
+1 89172
3181 44586
3936 44586
3185 44586
3937 44586
3181 44586
+2 222930
-6 44586
+9 44586
-9 44586
+8 44586
+1 44586
1362 9030306
3811 9030306
4397 9030306
3838 9030306
+63 6
+62 70
+1 6
+1 31150
3838 62300
1362 31150
3843 62300
+2 62300
+2 7937152
-6 3968576
+9 3968576
+1 3968576
-1 7937152
+1 19842880
+5 7937152
+1 7937152
+7 3968576
-1 7937152
+1 19842880
+5 3968576
+1 3968576
3183 3968576
3870 3968576
+5 136396510
3181 54558604
+2 27279302
+2 27279302
-2 54558604
+2 27279302
-8 27279302
+8 27279302
3869 27279302
+1 137099698
+2 54558604
+2 27279302
+1 27279302
-1 54558604
-21 13545450
-10 4515150
+2 10763472
4399 1142576
3903 571288
4399 7426744
3983 571288
+1 571288
-1 1142576
-1 1142576
+2 1142576
-1 2
+1 2
-1 4
-1 4
+2 4
-2 1713867
+12 571289
-6 571289
+73 2285156
-67 1713868
-6 1
+73 4
-67 543
4158 5520
-91 5520
+91 11040
-91 5520
-74 5520
3181 5520
4067 5520
3181 11040
4025 11040
3183 11040
3997 22080
+1 5520
+2 11040
-3 241672
+1 60418
+2 120836
+1 197814
+2 65938
+1 263752
+2 263752
-10 65938
+12 131876
+1 131876
+2 131876
+11 263752
+31 63256
+1 63256
+4 126512
+29 121040
+2 121038
+1 181557
+1 60519
-1 60519
+57 60519
+2 121038
-2 121038
+2 60519
+7 60519
-9 181557
+9 60519
-7 60519
+1 60519
+1 60519
+6 121038
-10 1
+2 2
-2 2
+2 1
+7 1
-9 3
+9 1
-7 1
+1 1
+1 1
+6 2
+2 8
+7 6
3994 5484
2005 11905728
4413 40916727
2005 6437
3944 6437
2005 12874
4060 2736
+1 2736
-1 2736
+1 5472
+5 2736
-21 2736
+21 2736
+1 10944
+28 5
+1 3
+1 1
-1 1
+4 2
+66 181554
3994 181545
4183 1132106
+2 6
+3 2
-3 2
+3 4
+68 1132106
+1 566053
+1 566053
-1 566053
+1 566053
+1 1132106
+1 1698159
+5 1151438
+16 13314
+2 26628
-4 45810
+8 9591
+3 19182
+2 94
+1 94
+1 94
-2 376
-27 94
3181 2736
+2 2736
+2 2736
-4 2736
+2 10944
4071 2736
3184 2736
+1 2736
4071 2736
+73 3
4023 11034
+1 10976
+5 2682
-1 5364
+3 2682
-1 2682
+1 5364
+1 2682
+1 5364
+2 38
+4 19
+6 19
-6 133
+2 57
+1 19
2005 57
4039 2663
+6 2663
-6 18641
+2 7989
+1 2663
2005 7989
4269 1669725
+3 2226292
-3 1669668
+3 2226220
-3 1113106
+3 1669644
+97 556556
+1 1113112
+2 1113112
+3 1670376
+17 1062
+2 360
cfn=(718)
calls=180 4715 
* 3033685
+3 180
-1 540
+1 180
-1 180
3904 3
4299 28491
+3 18994
+2 9497
+3 18994
-3 9497
+3 18994
cfn=(734)
calls=9497 1626 
* 208950
+3 37988
+15 5612
-5 2806
+5 5612
+1 5612
+3 2806
+1 2806
+1 2806
+3 5612
+1 2806
+1 5612
+2 2
+3 8
+2 3
+1 1
2005 1
4347 1
2005 2
4341 22440
+2 8415
+1 2805
2005 2805
4347 2805
2005 12301
4347 6691
2005 13382
4272 19
+2 76
+1 38
+38 6691
-1 6691
+1 13382
3193 8205
+1 5470
+2 10940
+1 2735
+1 2735
4174 2735
4380 556202
-2 1112404
+2 556202
-1 556202
+6 556202
-5 556202
-3 556202
+3 556202
+2 556202
-2 2224808
2005 556202
4382 556202
2005 1112404
4407 696
cfn=(582)
calls=174 2548 
* 39996
* 174
+1 348
2005 522

fn=(734)
1626 14926
+2 74630
+3 29852
+1 14926
-1 44778
+3 59704
+3 14926
+1 14926
+1 29864
+2 2
+1 6
+3 2
+14 1
+1 2
+3 29852

fn=(692)
4421 1094967904
+10 136870988
-10 410612964
+10 273741976
+6 684354940
+1 273741976
+4 547483952
+8 684354940
-1 273741976
+1 273741976
+29 136870988
-20 136870988
-6 136870988
+6 273741976
+20 547483952
+14 63689116
+11 127378232
+2 95533674
2012 95533674
4527 31844558
+1 31844558
+4 95533674
+2 95533674
+4 63689116
+2 127378232
+1 31844558
+19 126668786
4702 1505580868
3181 105026430
+4 105026430
-4 105026430
+2 420105720
+1 105026430
+1 105026430
4482 105026430

fn=(688)
3352 136870962
+4 273741924
-4 136870962
+14 136870962
-14 273741924
+12 136870962
+4 136870962
-4 136870962
+4 273741924
+17 410612886
fi=(167)
162 410612886
fe=(166)
3391 273741924
cfn=(692)
calls=136870962 4421 
* 9427767840
+3 136870962
+1 547483848

fn=(738)
2508 784
+4 112
-4 224
+7 224
+1 5
+3 224
+5 112
-1 224
+3 896
cfi=(193) ./misc/../sysdeps/unix/sysv/linux/mmap64.c
cfn=(740) mmap
calls=112 47 
* 1008
* 112
+3 224
+4 224
+7 112
+2 112
+2 784
2028 448

fl=(190)
fn=(726)
1180 115920
+30 48300
+8 28980
+4 48300
+11 19320
+11 9660
fi=(212) ./stdio-common/./stdio-common/printf-parse.h
111 19320
fe=(190)
1244 48300
fi=(212)
111 9660
cob=(2)
cfi=(51)
cfn=(728)
calls=9660 0 
* 202860
fe=(190)
1259 9660
fi=(212)
111 9660
fe=(190)
1259 28980
239 9660
fi=(213) ./stdio-common/../libio/libioP.h
940 9660
fe=(190)
1263 9660
fi=(213)
942 9660
-2 9660
fe=(190)
1263 9660
fi=(213)
940 19320
+2 19320
+1 19320
fe=(190)
239 38640
cfi=(162)
cfn=(648)
calls=9660 1197 
* 193200
* 19320
127 86940
1263 19320
+4 28980
+4 77280
1532 9660
1214 9660
+34 9660
-8 9660
1532 28980
+23 9660
-39 9660
+39 9660
-39 9660
+39 19320
1313 434700
+39 28980
-51 28980
-1 28980
-1 28980
-1 28980
+5 28980
1501 28980
fi=(212)
88 28980
fe=(190)
1352 28980
-46 28980
-4 28980
+50 28980
1501 28980
1295 28980
-1 28980
-1 28980
-1 28980
-1 28980
+16 57960
1608 19320
+1 19320
+3 115920
-4 86940
1218 19320
+41 38640
cfi=(160)
cfn=(548)
calls=9660 24 
* 96600
+1 125580
-1 19320
1609 19320
cfi=(160)
cfn=(606)
calls=9660 39 
* 77280
+2 9660
-47 9660
-47 212520
-1 251160
cfi=(192)
cfn=(732)
calls=19320 163 
* 978894
* 598920
192 38640
+47 19320
fi=(213)
942 57960
+1 38640
fe=(190)
239 77280
cfi=(162)
cfn=(648)
calls=19320 1197 
* 1271709
* 38640
127 318780
1517 57960
-54 19320
+53 38640
+73 28980
fi=(212)
111 28980
fe=(190)
1583 28980
fi=(212)
111 57960
cob=(2)
cfi=(51)
cfn=(728)
calls=28980 0 
* 608580
fe=(190)
239 28980
fi=(213)
942 28980
fe=(190)
1593 28980
fi=(212)
111 28980
fi=(213)
942 28980
fe=(190)
1593 28980
fi=(213)
942 28980
+1 57960
fe=(190)
239 115920
cfi=(162)
cfn=(648)
calls=28980 1197 
* 1914814
* 57960
127 376740
1593 57960
+2 67620
-79 386400
192 38640
1392 38640
1516 154560
+1 19320
cob=(2)
cfi=(51)
cfn=(646)
calls=9660 0 
* 154678
* 19320
-1 193200
239 9660
fi=(213)
942 28980
+1 19320
fe=(190)
239 38640
cfi=(162)
cfn=(648)
calls=9660 1197 
* 614172
* 19320
127 57960
1516 38640

fl=(193)
fn=(740)
47 224
+3 224
+8 448
+2 112

fl=(85)
fn=(298)
29 1
fi=(211)
+1 5
fe=(85)
-1 1

fl=(107)
fn=(350)
43 1
-6 5
+6 1

fl=(194)
fn=(744) __run_exit_handlers
40 11
+5 2
+3 5
+50 1
-42 1
+2 3
+8 6
+2 1
+3 1
-3 1
+3 6
+34 1
+1 1
+1 1
-2 1
+7 1
-3 2
+3 3
+1 3
cob=(1)
cfi=(196)
cfn=(748)
calls=1 -82 
* 897
+1 4
+10 2
+1 2
-63 1
+69 4
+2 2
+1 6
cfi=(161)
cfn=(802)
calls=1 863 
* 641
* 3
+2 2
cfi=(202)
cfn=(816)
calls=1 27 
* 5
-90 1
cfi=(195)
cfn=(746)
calls=1 149 
* 12
* 1

fn=(742)
142 3
+1 3
-1 1
+1 1
cfn=(744)
calls=1 40 
* 1634

fl=(159)
fn=(546)
278 13
+10 5
+1 1
fi=(175) ./stdio-common/../include/scratch_buffer.h
78 1
fe=(159)
289 1
fi=(175)
77 2
fe=(159)
339 1
fi=(175)
77 1
fe=(159)
339 4
+6 4
+3 4
+4 2
+13 1
-6 1
+8 2
-8 1
+8 1
+5 1
-5 1
+5 6
cfi=(160)
cfn=(548)
calls=1 24 
* 10
* 3
+9 1
-4 1
+4 3
570 1
284 1
-1 1
+10 1
-11 1
570 2
2429 4
328 2
+4 1
-5 1
-1 1
-1 1
-12 1
2180 1
2429 1
2180 5
418 8
+24 8
+1 8
+3 10
-65 16
3015 8
+3 14
+1 10
-1 4
222 4
+1 4
-1 2
488 2
222 2
488 4
222 2
488 4
372 11
482 2
+22 8
+25 2
-4 8
+7 20
+80 4
+5 2
-1 4
+1 4
+1 3
+3 6
+1 16
+6 15
+3 4
-3 2
+3 10
-3 1
+3 4
-3 6
+4 14
+1 10
+4 4
-4 4
cfi=(161)
cfn=(600)
calls=2 +2 
* 38
+4 16
-9 2
cfi=(161)
cfn=(550)
calls=1 299 
* 2092
* 2
3025 13
cfi=(160)
cfn=(606)
calls=1 39 
* 8
fi=(175)
85 3
fe=(159)
3029 2
+17 2
+6 12
442 2
+6 4
618 3
1398 20
+5 6
+9 12
1733 4
+9 2
fi=(175)
113 8
fe=(159)
1742 4
fi=(175)
113 6
fe=(159)
1740 72
260 22
1797 11
260 22
+3 33
1799 44
+2 99
-68 22
+2 26
+2 10
+67 4
206 2
1811 4
214 4
1812 4
+28 12
cfi=(161)
cfn=(600)
calls=2 635 
* 38
260 6
+3 6
1844 4
1669 2
206 2
1862 4
1669 4
1861 6
+1 2
cfi=(173)
cfn=(602)
calls=2 97 
* 383
* 2
+6 6
+3 10
+6 2
-4 4
+4 4
+23 4
1390 2
-1 2
+2 2
1742 10
1435 8
+3 8
3020 5
cfi=(161)
cfn=(600)
calls=1 635 
* 19
* 1
1879 4
+17 20
-15 4
+1 6

fl=(169)
fn=(586)
25 175
+1 350
-1 175
+4 175
cfi=(170)
cfn=(588)
calls=175 +8 
* 6285
+1 350
+4 126
-7 112
+7 224

fl=(176)
fn=(612)
181 4
+1 12
+5 4
+1 4
+1 4
+1 4
+69 4
+1 4
+88 4
+1 4
+1 4
+1 960004
+1 4
+1 8

fl=(200)
fn=(764)
76 4
+1 2
-1 2
+1 6
fi=(201) ./posix/../malloc/dynarray-skeleton.c
243 2
fe=(200)
65 4
+38 8
+1 4

fl=(156)
fn=(538)
28 3
+2 2
-1 1
+5 3

fl=(165) ./io/../sysdeps/unix/sysv/linux/fstatat64.c
fn=(564) fstatat
153 4
-55 4
+70 6
+1 2

fl=(188)
fn=(716)
25 370
+1 2590
+1 370

fl=(164)
fn=(562)
29 4
+1 4
+5 6
cfi=(165)
cfn=(564)
calls=2 153 
* 16

totals: 38564519436
